序号,文件名,本地路径,发布人,发布时间,发布内容,评论数,评论内容
1,1B9DDD96-F4A0-4CC9-9F7F-D2879A289DC1_hd.jpg,/Users/lazywords/Code/QQ群相册/超级经济舱/images/1B9DDD96-F4A0-4CC9-9F7F-D2879A289DC1_hd.jpg,Soyuz,2026年02月21日 11:29,JAL 77W HND-PVG 的免费PE,0,
2,6F8F4C6C-2F45-4F40-8BEF-E9EAE0010ABB_big.jpg,/Users/lazywords/Code/QQ群相册/超级经济舱/images/6F8F4C6C-2F45-4F40-8BEF-E9EAE0010ABB_big.jpg,Soyuz,2026年02月21日 11:29,JAL 77W HND-PVG 的免费PE,0,
3,A25E1EB9-121D-4402-90AF-87FC12EC3E5D_hd.jpg,/Users/lazywords/Code/QQ群相册/超级经济舱/images/A25E1EB9-121D-4402-90AF-87FC12EC3E5D_hd.jpg,Soyuz,2026年02月21日 11:29,JAL 77W HND-PVG 的免费PE,0,
4,IMG.jpg,/Users/lazywords/Code/QQ群相册/超级经济舱/images/IMG.jpg,Soyuz,2026年02月21日 11:29,JAL 77W HND-PVG 的免费PE,0,
5,IMG_001.jpg,/Users/lazywords/Code/QQ群相册/超级经济舱/images/IMG_001.jpg,Soyuz,2026年02月21日 11:29,JAL 77W HND-PVG 的免费PE,0,
6,IMG_002.jpg,/Users/lazywords/Code/QQ群相册/超级经济舱/images/IMG_002.jpg,Soyuz,2026年02月21日 11:29,JAL 77W HND-PVG 的免费PE,0,
7,IMG_003.jpg,/Users/lazywords/Code/QQ群相册/超级经济舱/images/IMG_003.jpg,Soyuz,2026年02月21日 11:29,JAL 77W HND-PVG 的免费PE,0,
8,IMG_004.jpg,/Users/lazywords/Code/QQ群相册/超级经济舱/images/IMG_004.jpg,Soyuz,2026年02月21日 11:29,JAL 77W HND-PVG 的免费PE,0,
9,IMG_005.jpg,/Users/lazywords/Code/QQ群相册/超级经济舱/images/IMG_005.jpg,Soyuz,2026年02月21日 11:29,JAL 77W HND-PVG 的免费PE,0,
10,IMG_006.jpg,/Users/lazywords/Code/QQ群相册/超级经济舱/images/IMG_006.jpg,Soyuz,2026年02月21日 11:29,JAL 77W HND-PVG 的免费PE,0,
11,IMG_007.jpg,/Users/lazywords/Code/QQ群相册/超级经济舱/images/IMG_007.jpg,Soyuz,2026年02月21日 11:29,JAL 77W HND-PVG 的免费PE,0,
12,IMG_008.jpg,/Users/lazywords/Code/QQ群相册/超级经济舱/images/IMG_008.jpg,Soyuz,2026年02月21日 11:29,JAL 77W HND-PVG 的免费PE,0,
13,IMG_009.jpg,/Users/lazywords/Code/QQ群相册/超级经济舱/images/IMG_009.jpg,Soyuz,2026年02月21日 11:29,JAL 77W HND-PVG 的免费PE,0,
14,IMG_010.jpg,/Users/lazywords/Code/QQ群相册/超级经济舱/images/IMG_010.jpg,Soyuz,2026年02月21日 11:29,JAL 77W HND-PVG 的免费PE,0,
15,IMG_011.jpg,/Users/lazywords/Code/QQ群相册/超级经济舱/images/IMG_011.jpg,Soyuz,2026年02月21日 11:29,JAL 77W HND-PVG 的免费PE,0,
16,IMG_012.jpg,/Users/lazywords/Code/QQ群相册/超级经济舱/images/IMG_012.jpg,Soyuz,2026年02月21日 11:29,JAL 77W HND-PVG 的免费PE,0,
17,IMG_013.jpg,/Users/lazywords/Code/QQ群相册/超级经济舱/images/IMG_013.jpg,Soyuz,2026年02月21日 11:29,JAL 77W HND-PVG 的免费PE,0,
18,IMG_014.jpg,/Users/lazywords/Code/QQ群相册/超级经济舱/images/IMG_014.jpg,Soyuz,2026年02月21日 11:29,JAL 77W HND-PVG 的免费PE,0,
19,IMG_015.jpg,/Users/lazywords/Code/QQ群相册/超级经济舱/images/IMG_015.jpg,Soyuz,2026年02月21日 11:29,JAL 77W HND-PVG 的免费PE,0,
20,IMG_016.jpg,/Users/lazywords/Code/QQ群相册/超级经济舱/images/IMG_016.jpg,Soyuz,2026年02月21日 11:29,JAL 77W HND-PVG 的免费PE,0,
21,IMG_017.jpg,/Users/lazywords/Code/QQ群相册/超级经济舱/images/IMG_017.jpg,Soyuz,2026年02月21日 11:29,JAL 77W HND-PVG 的免费PE,0,
22,IMG_018.jpg,/Users/lazywords/Code/QQ群相册/超级经济舱/images/IMG_018.jpg,Soyuz,2026年02月21日 11:29,JAL 77W HND-PVG 的免费PE,0,
23,IMG_019.jpg,/Users/lazywords/Code/QQ群相册/超级经济舱/images/IMG_019.jpg,Soyuz,2026年02月21日 11:29,JAL 77W HND-PVG 的免费PE,0,
24,IMG_020.jpg,/Users/lazywords/Code/QQ群相册/超级经济舱/images/IMG_020.jpg,Soyuz,2026年02月21日 11:29,JAL 77W HND-PVG 的免费PE,0,
25,IMG_021.jpg,/Users/lazywords/Code/QQ群相册/超级经济舱/images/IMG_021.jpg,Soyuz,2026年02月21日 11:29,JAL 77W HND-PVG 的免费PE,0,
26,IMG_022.jpg,/Users/lazywords/Code/QQ群相册/超级经济舱/images/IMG_022.jpg,Soyuz,2026年02月21日 11:29,JAL 77W HND-PVG 的免费PE,0,
27,IMG_023.jpg,/Users/lazywords/Code/QQ群相册/超级经济舱/images/IMG_023.jpg,Soyuz,2026年02月21日 11:29,JAL 77W HND-PVG 的免费PE,0,
28,IMG_024.jpg,/Users/lazywords/Code/QQ群相册/超级经济舱/images/IMG_024.jpg,Soyuz,2026年02月21日 11:29,JAL 77W HND-PVG 的免费PE,0,
29,IMG_025.jpg,/Users/lazywords/Code/QQ群相册/超级经济舱/images/IMG_025.jpg,Soyuz,2026年02月21日 11:29,JAL 77W HND-PVG 的免费PE,0,
30,IMG_026.jpg,/Users/lazywords/Code/QQ群相册/超级经济舱/images/IMG_026.jpg,Soyuz,2026年02月21日 11:29,JAL 77W HND-PVG 的免费PE,0,
31,IMG_027.jpg,/Users/lazywords/Code/QQ群相册/超级经济舱/images/IMG_027.jpg,Soyuz,2026年02月21日 11:29,JAL 77W HND-PVG 的免费PE,0,
32,IMG_028.jpg,/Users/lazywords/Code/QQ群相册/超级经济舱/images/IMG_028.jpg,Soyuz,2026年02月21日 11:29,JAL 77W HND-PVG 的免费PE,0,
33,IMG_029.jpg,/Users/lazywords/Code/QQ群相册/超级经济舱/images/IMG_029.jpg,Soyuz,2026年02月21日 11:29,JAL 77W HND-PVG 的免费PE,0,
34,IMG_030.jpg,/Users/lazywords/Code/QQ群相册/超级经济舱/images/IMG_030.jpg,Soyuz,2026年02月21日 11:29,JAL 77W HND-PVG 的免费PE,0,
35,IMG_031.jpg,/Users/lazywords/Code/QQ群相册/超级经济舱/images/IMG_031.jpg,Soyuz,2026年02月21日 11:29,JAL 77W HND-PVG 的免费PE,0,
36,IMG_032.jpg,/Users/lazywords/Code/QQ群相册/超级经济舱/images/IMG_032.jpg,Soyuz,2026年02月21日 11:29,JAL 77W HND-PVG 的免费PE,0,
37,IMG_033.jpg,/Users/lazywords/Code/QQ群相册/超级经济舱/images/IMG_033.jpg,Soyuz,2026年02月21日 11:29,JAL 77W HND-PVG 的免费PE,0,
38,IMG_034.jpg,/Users/lazywords/Code/QQ群相册/超级经济舱/images/IMG_034.jpg,Soyuz,2026年02月21日 11:29,JAL 77W HND-PVG 的免费PE,0,
39,IMG_035.jpg,/Users/lazywords/Code/QQ群相册/超级经济舱/images/IMG_035.jpg,Soyuz,2026年02月21日 11:29,JAL 77W HND-PVG 的免费PE,0,
40,IMG_036.jpg,/Users/lazywords/Code/QQ群相册/超级经济舱/images/IMG_036.jpg,Soyuz,2026年02月21日 11:29,JAL 77W HND-PVG 的免费PE,0,
41,IMG_037.jpg,/Users/lazywords/Code/QQ群相册/超级经济舱/images/IMG_037.jpg,Soyuz,2026年02月21日 11:29,JAL 77W HND-PVG 的免费PE,0,
42,IMG_038.jpg,/Users/lazywords/Code/QQ群相册/超级经济舱/images/IMG_038.jpg,Soyuz,2026年02月21日 11:29,JAL 77W HND-PVG 的免费PE,0,
43,IMG_039.jpg,/Users/lazywords/Code/QQ群相册/超级经济舱/images/IMG_039.jpg,Soyuz,2026年02月21日 11:29,JAL 77W HND-PVG 的免费PE,0,
44,IMG_040.jpg,/Users/lazywords/Code/QQ群相册/超级经济舱/images/IMG_040.jpg,Soyuz,2026年02月21日 11:29,JAL 77W HND-PVG 的免费PE,0,
45,IMG_041.jpg,/Users/lazywords/Code/QQ群相册/超级经济舱/images/IMG_041.jpg,Soyuz,2026年02月21日 11:29,JAL 77W HND-PVG 的免费PE,0,
46,IMG_042.jpg,/Users/lazywords/Code/QQ群相册/超级经济舱/images/IMG_042.jpg,Soyuz,2026年02月21日 11:29,JAL 77W HND-PVG 的免费PE,0,
47,IMG_043.jpg,/Users/lazywords/Code/QQ群相册/超级经济舱/images/IMG_043.jpg,Soyuz,2026年02月21日 11:29,JAL 77W HND-PVG 的免费PE,0,
48,IMG_044.jpg,/Users/lazywords/Code/QQ群相册/超级经济舱/images/IMG_044.jpg,Soyuz,2026年02月21日 11:29,JAL 77W HND-PVG 的免费PE,0,
49,IMG_045.jpg,/Users/lazywords/Code/QQ群相册/超级经济舱/images/IMG_045.jpg,Soyuz,2026年02月21日 11:29,JAL 77W HND-PVG 的免费PE,0,
50,IMG_046.jpg,/Users/lazywords/Code/QQ群相册/超级经济舱/images/IMG_046.jpg,Soyuz,2026年02月21日 11:29,JAL 77W HND-PVG 的免费PE,0,
51,IMG_047.jpg,/Users/lazywords/Code/QQ群相册/超级经济舱/images/IMG_047.jpg,Soyuz,2026年02月21日 11:29,JAL 77W HND-PVG 的免费PE,0,
52,IMG_048.jpg,/Users/lazywords/Code/QQ群相册/超级经济舱/images/IMG_048.jpg,Soyuz,2026年02月21日 11:29,JAL 77W HND-PVG 的免费PE,0,
53,76F24ED4-4D82-4ADF-B2DA-94130472A78A_big.jpg,/Users/lazywords/Code/QQ群相册/超级经济舱/images/76F24ED4-4D82-4ADF-B2DA-94130472A78A_big.jpg,Gunmen,2026年03月03日 19:56,国泰 各种pe,0,
54,EC1B661E-10C3-418D-AB76-6DDD8526326B_big.jpg,/Users/lazywords/Code/QQ群相册/超级经济舱/images/EC1B661E-10C3-418D-AB76-6DDD8526326B_big.jpg,Gunmen,2026年03月03日 19:56,国泰 各种pe,0,
55,8DEB955E-5920-485F-8DE0-60A8938C5409_big.jpg,/Users/lazywords/Code/QQ群相册/超级经济舱/images/8DEB955E-5920-485F-8DE0-60A8938C5409_big.jpg,Gunmen,2026年03月03日 19:56,国泰 各种pe,0,
56,F7BBC6D3-7016-47A2-9FA7-1094C8E21B69_big.jpg,/Users/lazywords/Code/QQ群相册/超级经济舱/images/F7BBC6D3-7016-47A2-9FA7-1094C8E21B69_big.jpg,Gunmen,2026年03月03日 19:56,国泰 各种pe,0,
57,207A3D4A-98FA-4EF4-AE94-2C766BF0443B_big.jpg,/Users/lazywords/Code/QQ群相册/超级经济舱/images/207A3D4A-98FA-4EF4-AE94-2C766BF0443B_big.jpg,Gunmen,2026年03月03日 19:56,国泰 各种pe,0,
58,800.jpg,/Users/lazywords/Code/QQ群相册/超级经济舱/images/800.jpg,Gunmen,2026年03月03日 19:51,,0,
59,F53B1AEB-02A6-4CDC-9F72-708E957119DC_hd.jpg,/Users/lazywords/Code/QQ群相册/超级经济舱/images/F53B1AEB-02A6-4CDC-9F72-708E957119DC_hd.jpg,出GO9最速S 瀬名紫陽花,2026年03月03日 19:31,ana 787,0,
60,F81FFEC0-1061-461F-929D-F7362C9EA447_hd.jpg,/Users/lazywords/Code/QQ群相册/超级经济舱/images/F81FFEC0-1061-461F-929D-F7362C9EA447_hd.jpg,出GO9最速S 瀬名紫陽花,2026年03月03日 19:31,ana 787,0,
61,ADD7E1FD-EAAC-45DE-B9AF-B668AE596D1D_big.jpg,/Users/lazywords/Code/QQ群相册/超级经济舱/images/ADD7E1FD-EAAC-45DE-B9AF-B668AE596D1D_big.jpg,土逗potadou,2026年02月23日 18:58,深航 ZH651 szx-nrt lounge：深航尊鹏阁国际厅 机型：737 max8 座位 4F（深航超经腿长的选第二排 第一排档板会顶挡板）,0,
62,D6BCA1CD-F395-4D6E-B36B-1ADA304C47E1_big.jpg,/Users/lazywords/Code/QQ群相册/超级经济舱/images/D6BCA1CD-F395-4D6E-B36B-1ADA304C47E1_big.jpg,土逗potadou,2026年02月23日 18:58,深航 ZH651 szx-nrt lounge：深航尊鹏阁国际厅 机型：737 max8 座位 4F（深航超经腿长的选第二排 第一排档板会顶挡板）,0,
63,70EDBF1B-021A-4E17-8198-45679E92993A_big.jpg,/Users/lazywords/Code/QQ群相册/超级经济舱/images/70EDBF1B-021A-4E17-8198-45679E92993A_big.jpg,土逗potadou,2026年02月23日 18:58,深航 ZH651 szx-nrt lounge：深航尊鹏阁国际厅 机型：737 max8 座位 4F（深航超经腿长的选第二排 第一排档板会顶挡板）,0,
64,44F14241-DA50-4EDA-B01C-EEF4F8559BDB_big.jpg,/Users/lazywords/Code/QQ群相册/超级经济舱/images/44F14241-DA50-4EDA-B01C-EEF4F8559BDB_big.jpg,土逗potadou,2026年02月23日 18:58,深航 ZH651 szx-nrt lounge：深航尊鹏阁国际厅 机型：737 max8 座位 4F（深航超经腿长的选第二排 第一排档板会顶挡板）,0,
65,7CEA374E-A918-4369-BA79-A2E24E046CDF_big.jpg,/Users/lazywords/Code/QQ群相册/超级经济舱/images/7CEA374E-A918-4369-BA79-A2E24E046CDF_big.jpg,D-ABYP,2026年03月08日 21:27,JL502 CTS-HND A359,0,
66,3D34BA7D-3CBC-4A82-B96A-80BEEAE6D248_hd.jpg,/Users/lazywords/Code/QQ群相册/超级经济舱/images/3D34BA7D-3CBC-4A82-B96A-80BEEAE6D248_hd.jpg,D-ABYP,2026年03月04日 10:25,JL89/80/86 HND-PVG 77W 免费超经 展示要饭成果.jpg,0,
67,4B24EE6C-E3E0-44AC-8075-D81C8D5BCF34_hd.jpg,/Users/lazywords/Code/QQ群相册/超级经济舱/images/4B24EE6C-E3E0-44AC-8075-D81C8D5BCF34_hd.jpg,D-ABYP,2026年03月04日 10:25,JL89/80/86 HND-PVG 77W 免费超经 展示要饭成果.jpg,0,
68,6819AB7B-72BC-46F3-94AB-1A37501E47B3_hd.jpg,/Users/lazywords/Code/QQ群相册/超级经济舱/images/6819AB7B-72BC-46F3-94AB-1A37501E47B3_hd.jpg,D-ABYP,2026年03月04日 10:25,JL89/80/86 HND-PVG 77W 免费超经 展示要饭成果.jpg,0,
69,27A76B97-C86C-4C31-885D-6486A300C9DA_hd.jpg,/Users/lazywords/Code/QQ群相册/超级经济舱/images/27A76B97-C86C-4C31-885D-6486A300C9DA_hd.jpg,D-ABYP,2026年03月04日 05:51,EK412 SYD-CHC 第五航权,0,
70,249F7160-9EA5-4DBC-913A-6579C5E812EF_hd.jpg,/Users/lazywords/Code/QQ群相册/超级经济舱/images/249F7160-9EA5-4DBC-913A-6579C5E812EF_hd.jpg,D-ABYP,2026年03月04日 05:51,EK412 SYD-CHC 第五航权,0,
71,772BB415-315D-4F44-8DDE-F9008434DBE9_hd.jpg,/Users/lazywords/Code/QQ群相册/超级经济舱/images/772BB415-315D-4F44-8DDE-F9008434DBE9_hd.jpg,D-ABYP,2026年03月04日 05:51,EK412 SYD-CHC 第五航权,0,
