序号,文件名,本地路径,发布人,发布时间,发布内容,评论数,评论内容
1,CD01E38A-854E-4E77-9D31-6F9F8C93F502_big.jpg,/Users/lazywords/Code/高卡紫相关/QQ群相册/酒店房间（展示要饭成果）/images/CD01E38A-854E-4E77-9D31-6F9F8C93F502_big.jpg,Rua3,2026年03月03日 19:38,溧阳温德姆 泡汤池,0,
2,86C83EA5-F286-43E5-9071-3A475E65A603_big.jpg,/Users/lazywords/Code/高卡紫相关/QQ群相册/酒店房间（展示要饭成果）/images/86C83EA5-F286-43E5-9071-3A475E65A603_big.jpg,Rua3,2026年03月03日 19:38,溧阳温德姆 泡汤池,0,
3,1D46602C-8556-42BD-AFF3-2C9D5D3C3665_big.jpg,/Users/lazywords/Code/高卡紫相关/QQ群相册/酒店房间（展示要饭成果）/images/1D46602C-8556-42BD-AFF3-2C9D5D3C3665_big.jpg,Rua3,2026年03月03日 19:37,溧阳温德姆 泡汤池,0,
4,24A531CF-3E3E-4260-A4DA-10EBB3AD409C_big.jpg,/Users/lazywords/Code/高卡紫相关/QQ群相册/酒店房间（展示要饭成果）/images/24A531CF-3E3E-4260-A4DA-10EBB3AD409C_big.jpg,Pend,2026年03月03日 19:37,上海金茂君悦，凯悦冒险家要饭行政大床,0,
5,3AA3D1B7-085A-4BAA-80CD-FC3C01B60F87_big.jpg,/Users/lazywords/Code/高卡紫相关/QQ群相册/酒店房间（展示要饭成果）/images/3AA3D1B7-085A-4BAA-80CD-FC3C01B60F87_big.jpg,Pend,2026年03月03日 19:37,上海金茂君悦，凯悦冒险家要饭行政大床,0,
6,0C8F3BDF-F382-4B15-8048-1BC3B84A545E_big.jpg,/Users/lazywords/Code/高卡紫相关/QQ群相册/酒店房间（展示要饭成果）/images/0C8F3BDF-F382-4B15-8048-1BC3B84A545E_big.jpg,Pend,2026年03月03日 19:37,上海金茂君悦，凯悦冒险家要饭行政大床,0,
7,1F98309D-12DF-46AC-90B2-4BEB7DFDC4EF_big.jpg,/Users/lazywords/Code/高卡紫相关/QQ群相册/酒店房间（展示要饭成果）/images/1F98309D-12DF-46AC-90B2-4BEB7DFDC4EF_big.jpg,Rua3,2026年03月03日 19:35,溧阳温德姆 备品全是法国娇兰很爽,0,
8,BC75E375-6FEC-4FA0-A880-C2EC543BC420_big.jpg,/Users/lazywords/Code/高卡紫相关/QQ群相册/酒店房间（展示要饭成果）/images/BC75E375-6FEC-4FA0-A880-C2EC543BC420_big.jpg,Rua3,2026年03月03日 19:35,溧阳温德姆 备品全是法国娇兰很爽,0,
9,3158A757-6A57-42DF-93BE-658A8A8FF446_big.jpg,/Users/lazywords/Code/高卡紫相关/QQ群相册/酒店房间（展示要饭成果）/images/3158A757-6A57-42DF-93BE-658A8A8FF446_big.jpg,Pend,2026年03月03日 19:33,横滨希尔顿，金卡要饭行政层无行政待遇,0,
10,9B84C12E-AC90-481B-852B-82C3D6914BFF_big.jpg,/Users/lazywords/Code/高卡紫相关/QQ群相册/酒店房间（展示要饭成果）/images/9B84C12E-AC90-481B-852B-82C3D6914BFF_big.jpg,Pend,2026年03月03日 19:33,横滨希尔顿，金卡要饭行政层无行政待遇,0,
11,V5bCQAzNzcxNDQ5OTatxqZpN00LHw!!.jpg,/Users/lazywords/Code/高卡紫相关/QQ群相册/酒店房间（展示要饭成果）/images/V5bCQAzNzcxNDQ5OTatxqZpN00LHw!!.jpg,吸薯冰川纱,2026年03月03日 19:31,横滨新格兰俱乐部层，特种兵行政酒廊关门了没拍到，设施一般风景不赖，山下公园旁边，酒店有花园，前台可全英文。,0,
12,V5bCQAzNzcxNDQ5OTasxqZpc1IMHw!!.jpg,/Users/lazywords/Code/高卡紫相关/QQ群相册/酒店房间（展示要饭成果）/images/V5bCQAzNzcxNDQ5OTasxqZpc1IMHw!!.jpg,吸薯冰川纱,2026年03月03日 19:31,横滨新格兰俱乐部层，特种兵行政酒廊关门了没拍到，设施一般风景不赖，山下公园旁边，酒店有花园，前台可全英文。,0,
13,V5bCQAzNzcxNDQ5OTarxqZpXK0RHw!!.jpg,/Users/lazywords/Code/高卡紫相关/QQ群相册/酒店房间（展示要饭成果）/images/V5bCQAzNzcxNDQ5OTarxqZpXK0RHw!!.jpg,吸薯冰川纱,2026年03月03日 19:31,横滨新格兰俱乐部层，特种兵行政酒廊关门了没拍到，设施一般风景不赖，山下公园旁边，酒店有花园，前台可全英文。,0,
14,V5bCQAzNzcxNDQ5OTaqxqZpz.0WHw!!,/Users/lazywords/Code/高卡紫相关/QQ群相册/酒店房间（展示要饭成果）/images/V5bCQAzNzcxNDQ5OTaqxqZpz.0WHw!!,吸薯冰川纱,2026年03月03日 19:31,横滨新格兰俱乐部层，特种兵行政酒廊关门了没拍到，设施一般风景不赖，山下公园旁边，酒店有花园，前台可全英文。,0,
15,6A48A53C-D189-427C-8445-2FFE65EDBC6D_hd.jpg,/Users/lazywords/Code/高卡紫相关/QQ群相册/酒店房间（展示要饭成果）/images/6A48A53C-D189-427C-8445-2FFE65EDBC6D_hd.jpg,M-Licinivs-Crassvs,2026年03月03日 17:35,东京帝国饭店-本馆普通楼层双床套房 穷区最误闯天家的一集，酒店住客基本上都是上年纪的日本老登和全世界的商务客。酒店服务非常完美，办理入住后会有服务生陪同把行李送到房间并且简单介绍房间设施，退房时行李会有专人直接送到出租车上面。 （最重要的是遇到的服务生都可以英文无障碍沟通，这点在牢日真的很难得。。。）,0,
16,F5CC9A03-1F3D-485C-B093-6F9E7645F8E4_thumb.jpg,/Users/lazywords/Code/高卡紫相关/QQ群相册/酒店房间（展示要饭成果）/images/F5CC9A03-1F3D-485C-B093-6F9E7645F8E4_thumb.jpg,M-Licinivs-Crassvs,2026年03月03日 17:35,东京帝国饭店-本馆普通楼层双床套房 穷区最误闯天家的一集，酒店住客基本上都是上年纪的日本老登和全世界的商务客。酒店服务非常完美，办理入住后会有服务生陪同把行李送到房间并且简单介绍房间设施，退房时行李会有专人直接送到出租车上面。 （最重要的是遇到的服务生都可以英文无障碍沟通，这点在牢日真的很难得。。。）,0,
17,ADCCC88F-3A9D-4A49-8F01-2B597AD54EB9_big.jpg,/Users/lazywords/Code/高卡紫相关/QQ群相册/酒店房间（展示要饭成果）/images/ADCCC88F-3A9D-4A49-8F01-2B597AD54EB9_big.jpg,可劲,2026年02月28日 00:10,横滨希尔顿 pre房 未升行政为我要求的（,0,
18,E13CD3BB-0F90-49B8-B38C-E44BD270A656_big.jpg,/Users/lazywords/Code/高卡紫相关/QQ群相册/酒店房间（展示要饭成果）/images/E13CD3BB-0F90-49B8-B38C-E44BD270A656_big.jpg,可劲,2026年02月28日 00:10,横滨希尔顿 pre房 未升行政为我要求的（,0,
19,0C1CFAA5-1D2D-4A7A-8E51-1DE8CD957CCA_big.jpg,/Users/lazywords/Code/高卡紫相关/QQ群相册/酒店房间（展示要饭成果）/images/0C1CFAA5-1D2D-4A7A-8E51-1DE8CD957CCA_big.jpg,可劲,2026年02月28日 00:10,横滨希尔顿 pre房 未升行政为我要求的（,0,
20,AE1C0AA2-560E-4E23-835D-C602EF5EFF6F_hd.jpg,/Users/lazywords/Code/高卡紫相关/QQ群相册/酒店房间（展示要饭成果）/images/AE1C0AA2-560E-4E23-835D-C602EF5EFF6F_hd.jpg,mu死吗,2026年02月26日 18:16,虹桥宾馆郁金香行政，一般不给套，行政有欢迎水果，酒廊happy hour是套餐的形式,0,
21,EA96F51A-6FCD-4A78-820A-68F1B80109CD_hd.jpg,/Users/lazywords/Code/高卡紫相关/QQ群相册/酒店房间（展示要饭成果）/images/EA96F51A-6FCD-4A78-820A-68F1B80109CD_hd.jpg,mu死吗,2026年02月26日 18:16,虹桥宾馆郁金香行政，一般不给套，行政有欢迎水果，酒廊happy hour是套餐的形式,0,
22,C45276C9-46A1-4200-998B-440FBAE495D4_big.jpg,/Users/lazywords/Code/高卡紫相关/QQ群相册/酒店房间（展示要饭成果）/images/C45276C9-46A1-4200-998B-440FBAE495D4_big.jpg,可劲,2026年02月25日 18:42,成都兴隆湖希尔顿逸林欢乐时光 品质很好 比很多本家酒廊强 甜品很好吃 下午茶更好 可惜这次入住晚了 推荐！,0,
23,45227CA0-9846-49BC-8D32-ECE94C51BB24_big.jpg,/Users/lazywords/Code/高卡紫相关/QQ群相册/酒店房间（展示要饭成果）/images/45227CA0-9846-49BC-8D32-ECE94C51BB24_big.jpg,可劲,2026年02月25日 18:42,成都兴隆湖希尔顿逸林欢乐时光 品质很好 比很多本家酒廊强 甜品很好吃 下午茶更好 可惜这次入住晚了 推荐！,0,
24,3FF91106-67BF-4EFC-BA03-8CC5D8DA38BD_big.jpg,/Users/lazywords/Code/高卡紫相关/QQ群相册/酒店房间（展示要饭成果）/images/3FF91106-67BF-4EFC-BA03-8CC5D8DA38BD_big.jpg,可劲,2026年02月25日 18:42,成都兴隆湖希尔顿逸林欢乐时光 品质很好 比很多本家酒廊强 甜品很好吃 下午茶更好 可惜这次入住晚了 推荐！,0,
25,472750A9-D575-4D65-B3D5-951D372E2CC2_big.jpg,/Users/lazywords/Code/高卡紫相关/QQ群相册/酒店房间（展示要饭成果）/images/472750A9-D575-4D65-B3D5-951D372E2CC2_big.jpg,可劲,2026年02月25日 18:42,成都兴隆湖希尔顿逸林欢乐时光 品质很好 比很多本家酒廊强 甜品很好吃 下午茶更好 可惜这次入住晚了 推荐！,0,
26,1A474D37-4F5B-4802-827E-BAA507FD3844_big.jpg,/Users/lazywords/Code/高卡紫相关/QQ群相册/酒店房间（展示要饭成果）/images/1A474D37-4F5B-4802-827E-BAA507FD3844_big.jpg,可劲,2026年02月25日 18:42,成都兴隆湖希尔顿逸林欢乐时光 品质很好 比很多本家酒廊强 甜品很好吃 下午茶更好 可惜这次入住晚了 推荐！,0,
27,DFC05B54-6749-4EE8-AAD5-6DF4631AFB51_big.jpg,/Users/lazywords/Code/高卡紫相关/QQ群相册/酒店房间（展示要饭成果）/images/DFC05B54-6749-4EE8-AAD5-6DF4631AFB51_big.jpg,可劲,2026年02月25日 17:47,成都兴隆湖希尔顿逸林 豪华大床湖景,0,
28,D29A5D5C-9D21-4511-97A8-96D1BA505055_big.jpg,/Users/lazywords/Code/高卡紫相关/QQ群相册/酒店房间（展示要饭成果）/images/D29A5D5C-9D21-4511-97A8-96D1BA505055_big.jpg,可劲,2026年02月25日 17:47,成都兴隆湖希尔顿逸林 豪华大床湖景,0,
29,1AB9A809-7E7A-4918-B822-284C4E0C3BD3_big.jpg,/Users/lazywords/Code/高卡紫相关/QQ群相册/酒店房间（展示要饭成果）/images/1AB9A809-7E7A-4918-B822-284C4E0C3BD3_big.jpg,可劲,2026年02月25日 17:47,成都兴隆湖希尔顿逸林 豪华大床湖景,0,
30,F2A0DFED-7792-4A89-8CC2-C963ACF14DC3_big.jpg,/Users/lazywords/Code/高卡紫相关/QQ群相册/酒店房间（展示要饭成果）/images/F2A0DFED-7792-4A89-8CC2-C963ACF14DC3_big.jpg,可劲,2026年02月25日 17:47,成都兴隆湖希尔顿逸林 豪华大床湖景,0,
31,E19320D7-6CD5-43F8-B8FE-1217B8E6A4DB_big.jpg,/Users/lazywords/Code/高卡紫相关/QQ群相册/酒店房间（展示要饭成果）/images/E19320D7-6CD5-43F8-B8FE-1217B8E6A4DB_big.jpg,可劲,2026年02月25日 17:47,成都兴隆湖希尔顿逸林 豪华大床湖景,0,
32,7307B13F-E946-470C-BCD6-EC8D52A804AC_big.jpg,/Users/lazywords/Code/高卡紫相关/QQ群相册/酒店房间（展示要饭成果）/images/7307B13F-E946-470C-BCD6-EC8D52A804AC_big.jpg,可劲,2026年02月25日 17:47,成都兴隆湖希尔顿逸林 豪华大床湖景,0,
33,5D6A61D2-90D9-4B83-BA61-47835BA9617A_big.jpg,/Users/lazywords/Code/高卡紫相关/QQ群相册/酒店房间（展示要饭成果）/images/5D6A61D2-90D9-4B83-BA61-47835BA9617A_big.jpg,可劲,2026年02月25日 17:47,成都兴隆湖希尔顿逸林 豪华大床湖景,0,
34,B6FE1774-6127-464B-B42C-4ABEA7FF37F2_big.jpg,/Users/lazywords/Code/高卡紫相关/QQ群相册/酒店房间（展示要饭成果）/images/B6FE1774-6127-464B-B42C-4ABEA7FF37F2_big.jpg,可劲,2026年02月25日 17:47,成都兴隆湖希尔顿逸林 豪华大床湖景,0,
35,76129546-B099-4C7A-8503-36DCC5D652F1_hd.jpg,/Users/lazywords/Code/高卡紫相关/QQ群相册/酒店房间（展示要饭成果）/images/76129546-B099-4C7A-8503-36DCC5D652F1_hd.jpg,Ayasnow,2026年02月22日 13:27,嘉兴希尔顿 双床豪华套,0,
36,E4F7CEBC-053B-448B-A0D1-B55C44B17A7F_hd.jpg,/Users/lazywords/Code/高卡紫相关/QQ群相册/酒店房间（展示要饭成果）/images/E4F7CEBC-053B-448B-A0D1-B55C44B17A7F_hd.jpg,Ayasnow,2026年02月22日 13:27,嘉兴希尔顿 双床豪华套,0,
37,01187B53-A672-4546-B1BB-1A3DC43A0CA4_hd.jpg,/Users/lazywords/Code/高卡紫相关/QQ群相册/酒店房间（展示要饭成果）/images/01187B53-A672-4546-B1BB-1A3DC43A0CA4_hd.jpg,Ayasnow,2026年02月22日 13:27,嘉兴希尔顿 双床豪华套,0,
38,A2DA1E52-CE99-4AA3-91A0-510E5AF27399_hd.jpg,/Users/lazywords/Code/高卡紫相关/QQ群相册/酒店房间（展示要饭成果）/images/A2DA1E52-CE99-4AA3-91A0-510E5AF27399_hd.jpg,Ayasnow,2026年02月22日 13:27,嘉兴希尔顿 双床豪华套,0,
39,DB47A56E-9CB6-46E6-A5D9-143BB1C2BC12_hd.jpg,/Users/lazywords/Code/高卡紫相关/QQ群相册/酒店房间（展示要饭成果）/images/DB47A56E-9CB6-46E6-A5D9-143BB1C2BC12_hd.jpg,Ayasnow,2026年02月22日 13:25,常州希尔顿 豪华套,0,
40,08C741C3-C0E7-46FF-B456-AC96B5C4AC39_hd.jpg,/Users/lazywords/Code/高卡紫相关/QQ群相册/酒店房间（展示要饭成果）/images/08C741C3-C0E7-46FF-B456-AC96B5C4AC39_hd.jpg,Ayasnow,2026年02月22日 13:25,常州希尔顿 豪华套,0,
41,C5990A23-12F4-4307-A706-D18653AEB8A0_hd.jpg,/Users/lazywords/Code/高卡紫相关/QQ群相册/酒店房间（展示要饭成果）/images/C5990A23-12F4-4307-A706-D18653AEB8A0_hd.jpg,Ayasnow,2026年02月22日 13:25,常州希尔顿 豪华套,0,
42,V5bCQAzNzcxNDQ5OTbIyZlpNcmkFA!!.jpg,/Users/lazywords/Code/高卡紫相关/QQ群相册/酒店房间（展示要饭成果）/images/V5bCQAzNzcxNDQ5OTbIyZlpNcmkFA!!.jpg,夢疾風,2026年02月21日 23:05,新加坡文华东方,0,
43,V5bCQAzNzcxNDQ5OTbHyZlpilufFA!!.jpg,/Users/lazywords/Code/高卡紫相关/QQ群相册/酒店房间（展示要饭成果）/images/V5bCQAzNzcxNDQ5OTbHyZlpilufFA!!.jpg,夢疾風,2026年02月21日 23:05,新加坡文华东方,0,
44,V5bCQAzNzcxNDQ5OTbVyJlpZKsYBg!!.jpg,/Users/lazywords/Code/高卡紫相关/QQ群相册/酒店房间（展示要饭成果）/images/V5bCQAzNzcxNDQ5OTbVyJlpZKsYBg!!.jpg,瓜子,2026年02月21日 23:01,吉安格兰云天 浴缸里面有不明毛发,0,
45,26BF2B4D-1083-4F86-8FEB-193AEC1FCEAF_big.jpg,/Users/lazywords/Code/高卡紫相关/QQ群相册/酒店房间（展示要饭成果）/images/26BF2B4D-1083-4F86-8FEB-193AEC1FCEAF_big.jpg,1,2026年02月21日 17:39,大阪华尔道夫,0,
46,V5bCQAzNzcxNDQ5OTZeeJlpoqbjHw!!.jpg,/Users/lazywords/Code/高卡紫相关/QQ群相册/酒店房间（展示要饭成果）/images/V5bCQAzNzcxNDQ5OTZeeJlpoqbjHw!!.jpg,white,2026年02月21日 17:18,全季大兴机场店,0,
47,16FA0CD5-ECC9-4CF1-8E7F-35EC65D08EAA_hd.jpg,/Users/lazywords/Code/高卡紫相关/QQ群相册/酒店房间（展示要饭成果）/images/16FA0CD5-ECC9-4CF1-8E7F-35EC65D08EAA_hd.jpg,JL死吗,2026年04月03日 00:34,"利物浦Aloft
没有套房，房型布局和家具选品略显诡异，但是胜在面积够大",0,
48,BEE22C5B-E8F0-4EDE-9D3D-224FA9685D8B_hd.jpg,/Users/lazywords/Code/高卡紫相关/QQ群相册/酒店房间（展示要饭成果）/images/BEE22C5B-E8F0-4EDE-9D3D-224FA9685D8B_hd.jpg,JL死吗,2026年04月03日 00:34,"利物浦Aloft
没有套房，房型布局和家具选品略显诡异，但是胜在面积够大",0,
49,38E84849-3291-4B89-8C99-F0F553440D83_hd.jpg,/Users/lazywords/Code/高卡紫相关/QQ群相册/酒店房间（展示要饭成果）/images/38E84849-3291-4B89-8C99-F0F553440D83_hd.jpg,JL死吗,2026年04月03日 00:34,"利物浦Aloft
没有套房，房型布局和家具选品略显诡异，但是胜在面积够大",0,
50,BE0D3314-B372-47AC-89BD-FEB514CC3EF2_hd.jpg,/Users/lazywords/Code/高卡紫相关/QQ群相册/酒店房间（展示要饭成果）/images/BE0D3314-B372-47AC-89BD-FEB514CC3EF2_hd.jpg,JL死吗,2026年04月03日 00:34,"利物浦Aloft
没有套房，房型布局和家具选品略显诡异，但是胜在面积够大",0,
51,7B19496E-B6FE-4DF1-88A8-BFA6F0A6D516_hd.jpg,/Users/lazywords/Code/高卡紫相关/QQ群相册/酒店房间（展示要饭成果）/images/7B19496E-B6FE-4DF1-88A8-BFA6F0A6D516_hd.jpg,JL死吗,2026年04月03日 00:34,"利物浦Aloft
没有套房，房型布局和家具选品略显诡异，但是胜在面积够大",0,
52,20260402_1907_lieriheart新干线拼票加我_3300f6913f.jpg,/Users/lazywords/Code/高卡紫相关/QQ群相册/酒店房间（展示要饭成果）/images/20260402_1907_lieriheart新干线拼票加我_3300f6913f.jpg,lieriheart新干线拼票加我,2026年04月02日 19:07,苏州万豪公寓,0,
53,20260402_1907_lieriheart新干线拼票加我_7d3b6e9b13.jpg,/Users/lazywords/Code/高卡紫相关/QQ群相册/酒店房间（展示要饭成果）/images/20260402_1907_lieriheart新干线拼票加我_7d3b6e9b13.jpg,lieriheart新干线拼票加我,2026年04月02日 19:07,苏州万豪公寓,0,
54,20260402_1907_lieriheart新干线拼票加我_3c41925383.jpg,/Users/lazywords/Code/高卡紫相关/QQ群相册/酒店房间（展示要饭成果）/images/20260402_1907_lieriheart新干线拼票加我_3c41925383.jpg,lieriheart新干线拼票加我,2026年04月02日 19:07,苏州万豪公寓,0,
55,20260402_1907_lieriheart新干线拼票加我_2b6accaa70.jpg,/Users/lazywords/Code/高卡紫相关/QQ群相册/酒店房间（展示要饭成果）/images/20260402_1907_lieriheart新干线拼票加我_2b6accaa70.jpg,lieriheart新干线拼票加我,2026年04月02日 19:07,苏州万豪公寓,0,
56,CB8D008E-36D1-4F70-A793-79AE0A07A2C6_big.jpg,/Users/lazywords/Code/高卡紫相关/QQ群相册/酒店房间（展示要饭成果）/images/CB8D008E-36D1-4F70-A793-79AE0A07A2C6_big.jpg,cz死吗,2026年04月01日 22:21,厦门海沧希尔顿逸林要饭成功，位置离市区比较远，最近的地铁站有1km多，不过周边风景不错，餐饮门店也很多，本来免费升的海景可以上高层，但是问了一下六楼还有套房，果断选了套房。,0,
57,A98AE554-B5BE-467B-8CCE-99306326A30C_big.jpg,/Users/lazywords/Code/高卡紫相关/QQ群相册/酒店房间（展示要饭成果）/images/A98AE554-B5BE-467B-8CCE-99306326A30C_big.jpg,cz死吗,2026年04月01日 22:21,厦门海沧希尔顿逸林要饭成功，位置离市区比较远，最近的地铁站有1km多，不过周边风景不错，餐饮门店也很多，本来免费升的海景可以上高层，但是问了一下六楼还有套房，果断选了套房。,0,
58,CD12FF67-1E73-489B-9069-857B79FF0686_big.jpg,/Users/lazywords/Code/高卡紫相关/QQ群相册/酒店房间（展示要饭成果）/images/CD12FF67-1E73-489B-9069-857B79FF0686_big.jpg,cz死吗,2026年04月01日 22:21,厦门海沧希尔顿逸林要饭成功，位置离市区比较远，最近的地铁站有1km多，不过周边风景不错，餐饮门店也很多，本来免费升的海景可以上高层，但是问了一下六楼还有套房，果断选了套房。,0,
59,235BC21A-3AFF-49E6-AF79-761428F38A3D_big.jpg,/Users/lazywords/Code/高卡紫相关/QQ群相册/酒店房间（展示要饭成果）/images/235BC21A-3AFF-49E6-AF79-761428F38A3D_big.jpg,cz死吗,2026年04月01日 22:21,厦门海沧希尔顿逸林要饭成功，位置离市区比较远，最近的地铁站有1km多，不过周边风景不错，餐饮门店也很多，本来免费升的海景可以上高层，但是问了一下六楼还有套房，果断选了套房。,0,
60,C548343E-D35D-499B-8EEC-851052F5A0FC_big.jpg,/Users/lazywords/Code/高卡紫相关/QQ群相册/酒店房间（展示要饭成果）/images/C548343E-D35D-499B-8EEC-851052F5A0FC_big.jpg,弦卷心的Tourbillon Sm,2026年03月30日 23:00,"janu tokyo，aman她小老妹。
除普以外都有露台
去过两次，有少女歌剧景房和餐厅和酒吧，大堂顶级，层高较低，有服务问题，但越后期磨合越好，FO有一些奇怪履历的，地理位置为东京新贵，若是希望公共交通出行非常方便的酒店，不一定需要打车。",0,
61,EB1C214F-0DCA-49DB-8C83-587454D0A1B1_big.jpg,/Users/lazywords/Code/高卡紫相关/QQ群相册/酒店房间（展示要饭成果）/images/EB1C214F-0DCA-49DB-8C83-587454D0A1B1_big.jpg,弦卷心的Tourbillon Sm,2026年03月30日 23:00,"janu tokyo，aman她小老妹。
除普以外都有露台
去过两次，有少女歌剧景房和餐厅和酒吧，大堂顶级，层高较低，有服务问题，但越后期磨合越好，FO有一些奇怪履历的，地理位置为东京新贵，若是希望公共交通出行非常方便的酒店，不一定需要打车。",0,
62,FFB5ED96-C29B-4B5B-ABF2-E3B55721D28C_big.jpg,/Users/lazywords/Code/高卡紫相关/QQ群相册/酒店房间（展示要饭成果）/images/FFB5ED96-C29B-4B5B-ABF2-E3B55721D28C_big.jpg,弦卷心的Tourbillon Sm,2026年03月30日 23:00,"janu tokyo，aman她小老妹。
除普以外都有露台
去过两次，有少女歌剧景房和餐厅和酒吧，大堂顶级，层高较低，有服务问题，但越后期磨合越好，FO有一些奇怪履历的，地理位置为东京新贵，若是希望公共交通出行非常方便的酒店，不一定需要打车。",0,
63,7C5714FA-B3DD-4DAB-9B0A-B786DA0AAD98_big.jpg,/Users/lazywords/Code/高卡紫相关/QQ群相册/酒店房间（展示要饭成果）/images/7C5714FA-B3DD-4DAB-9B0A-B786DA0AAD98_big.jpg,弦卷心的Tourbillon Sm,2026年03月30日 23:00,"janu tokyo，aman她小老妹。
除普以外都有露台
去过两次，有少女歌剧景房和餐厅和酒吧，大堂顶级，层高较低，有服务问题，但越后期磨合越好，FO有一些奇怪履历的，地理位置为东京新贵，若是希望公共交通出行非常方便的酒店，不一定需要打车。",0,
64,6805912B-0F18-4E17-A615-6B608A8FBA08_big.jpg,/Users/lazywords/Code/高卡紫相关/QQ群相册/酒店房间（展示要饭成果）/images/6805912B-0F18-4E17-A615-6B608A8FBA08_big.jpg,弦卷心的Tourbillon Sm,2026年03月30日 23:00,"janu tokyo，aman她小老妹。
除普以外都有露台
去过两次，有少女歌剧景房和餐厅和酒吧，大堂顶级，层高较低，有服务问题，但越后期磨合越好，FO有一些奇怪履历的，地理位置为东京新贵，若是希望公共交通出行非常方便的酒店，不一定需要打车。",0,
65,0E161A76-1D61-44A4-8D17-F92246C58278_big.jpg,/Users/lazywords/Code/高卡紫相关/QQ群相册/酒店房间（展示要饭成果）/images/0E161A76-1D61-44A4-8D17-F92246C58278_big.jpg,弦卷心的Tourbillon Sm,2026年03月30日 23:00,"janu tokyo，aman她小老妹。
除普以外都有露台
去过两次，有少女歌剧景房和餐厅和酒吧，大堂顶级，层高较低，有服务问题，但越后期磨合越好，FO有一些奇怪履历的，地理位置为东京新贵，若是希望公共交通出行非常方便的酒店，不一定需要打车。",0,
66,C1CA3BBB-614C-4D8A-A8BD-7FF764A2F79F_big.jpg,/Users/lazywords/Code/高卡紫相关/QQ群相册/酒店房间（展示要饭成果）/images/C1CA3BBB-614C-4D8A-A8BD-7FF764A2F79F_big.jpg,弦卷心的Tourbillon Sm,2026年03月30日 23:00,"janu tokyo，aman她小老妹。
除普以外都有露台
去过两次，有少女歌剧景房和餐厅和酒吧，大堂顶级，层高较低，有服务问题，但越后期磨合越好，FO有一些奇怪履历的，地理位置为东京新贵，若是希望公共交通出行非常方便的酒店，不一定需要打车。",0,
67,DB8E2EFB-D73E-4136-A8D6-099478349B2C_big.jpg,/Users/lazywords/Code/高卡紫相关/QQ群相册/酒店房间（展示要饭成果）/images/DB8E2EFB-D73E-4136-A8D6-099478349B2C_big.jpg,弦卷心的Tourbillon Sm,2026年03月30日 23:00,"janu tokyo，aman她小老妹。
除普以外都有露台
去过两次，有少女歌剧景房和餐厅和酒吧，大堂顶级，层高较低，有服务问题，但越后期磨合越好，FO有一些奇怪履历的，地理位置为东京新贵，若是希望公共交通出行非常方便的酒店，不一定需要打车。",0,
68,3A881F9E-D53E-42F1-B584-FC771F42D8E5_big.jpg,/Users/lazywords/Code/高卡紫相关/QQ群相册/酒店房间（展示要饭成果）/images/3A881F9E-D53E-42F1-B584-FC771F42D8E5_big.jpg,弦卷心的Tourbillon Sm,2026年03月30日 23:00,"janu tokyo，aman她小老妹。
除普以外都有露台
去过两次，有少女歌剧景房和餐厅和酒吧，大堂顶级，层高较低，有服务问题，但越后期磨合越好，FO有一些奇怪履历的，地理位置为东京新贵，若是希望公共交通出行非常方便的酒店，不一定需要打车。",0,
69,FD9C31C3-C867-4C48-9DBD-E71902C3660E_big.jpg,/Users/lazywords/Code/高卡紫相关/QQ群相册/酒店房间（展示要饭成果）/images/FD9C31C3-C867-4C48-9DBD-E71902C3660E_big.jpg,弦卷心的Tourbillon Sm,2026年03月30日 23:00,"janu tokyo，aman她小老妹。
除普以外都有露台
去过两次，有少女歌剧景房和餐厅和酒吧，大堂顶级，层高较低，有服务问题，但越后期磨合越好，FO有一些奇怪履历的，地理位置为东京新贵，若是希望公共交通出行非常方便的酒店，不一定需要打车。",0,
70,6EC82CE4-20C8-40C0-B1C7-18B554D08421_big.jpg,/Users/lazywords/Code/高卡紫相关/QQ群相册/酒店房间（展示要饭成果）/images/6EC82CE4-20C8-40C0-B1C7-18B554D08421_big.jpg,弦卷心的Tourbillon Sm,2026年03月30日 23:00,"janu tokyo，aman她小老妹。
除普以外都有露台
去过两次，有少女歌剧景房和餐厅和酒吧，大堂顶级，层高较低，有服务问题，但越后期磨合越好，FO有一些奇怪履历的，地理位置为东京新贵，若是希望公共交通出行非常方便的酒店，不一定需要打车。",0,
71,7D44074F-E287-4B76-AA8F-DA5E0C3F87C6_big.jpg,/Users/lazywords/Code/高卡紫相关/QQ群相册/酒店房间（展示要饭成果）/images/7D44074F-E287-4B76-AA8F-DA5E0C3F87C6_big.jpg,弦卷心的Tourbillon Sm,2026年03月30日 23:00,"janu tokyo，aman她小老妹。
除普以外都有露台
去过两次，有少女歌剧景房和餐厅和酒吧，大堂顶级，层高较低，有服务问题，但越后期磨合越好，FO有一些奇怪履历的，地理位置为东京新贵，若是希望公共交通出行非常方便的酒店，不一定需要打车。",0,
72,80F64E17-5F46-4159-A920-966882598721_big.jpg,/Users/lazywords/Code/高卡紫相关/QQ群相册/酒店房间（展示要饭成果）/images/80F64E17-5F46-4159-A920-966882598721_big.jpg,CA死妈,2026年03月30日 16:13,"上海北外滩金辉索菲特 行政大床
免房券换的",0,
73,29F1A725-7DC3-4EE2-8209-ED557D99FFE4_big.jpg,/Users/lazywords/Code/高卡紫相关/QQ群相册/酒店房间（展示要饭成果）/images/29F1A725-7DC3-4EE2-8209-ED557D99FFE4_big.jpg,CA死妈,2026年03月30日 16:13,"上海北外滩金辉索菲特 行政大床
免房券换的",0,
74,D0E100C3-BACE-40B2-BD43-7564539A31A5_big.jpg,/Users/lazywords/Code/高卡紫相关/QQ群相册/酒店房间（展示要饭成果）/images/D0E100C3-BACE-40B2-BD43-7564539A31A5_big.jpg,CA死妈,2026年03月30日 02:40,上海雅居乐万豪侯爵 家庭套,0,
75,87112E24-06B9-4ABB-8562-AF9ECBECD815_big.jpg,/Users/lazywords/Code/高卡紫相关/QQ群相册/酒店房间（展示要饭成果）/images/87112E24-06B9-4ABB-8562-AF9ECBECD815_big.jpg,CA死妈,2026年03月30日 02:40,上海雅居乐万豪侯爵 家庭套,0,
76,0076AFEE-4384-4486-AFAD-C3312D8531DB_big.jpg,/Users/lazywords/Code/高卡紫相关/QQ群相册/酒店房间（展示要饭成果）/images/0076AFEE-4384-4486-AFAD-C3312D8531DB_big.jpg,CA死妈,2026年03月30日 02:40,上海雅居乐万豪侯爵 家庭套,0,
77,1645C603-403F-452F-9FBC-09E0A012EAD8_big.jpg,/Users/lazywords/Code/高卡紫相关/QQ群相册/酒店房间（展示要饭成果）/images/1645C603-403F-452F-9FBC-09E0A012EAD8_big.jpg,CA死妈,2026年03月30日 02:40,上海雅居乐万豪侯爵 家庭套,0,
78,6DB866FF-DDC7-4752-AC12-AB1B054F8B58_hd.jpg,/Users/lazywords/Code/高卡紫相关/QQ群相册/酒店房间（展示要饭成果）/images/6DB866FF-DDC7-4752-AC12-AB1B054F8B58_hd.jpg,JL死吗,2026年03月28日 20:13,"伦敦骑士桥豪华精选
订的基础房自动升级的行政房间
酒店很贴心啊，知道我住不起文华东方，给了我一个能看清楚酒店全貌的房间。",0,
79,4D350217-9DF9-43BA-8F54-420F1F4A9E45_hd.jpg,/Users/lazywords/Code/高卡紫相关/QQ群相册/酒店房间（展示要饭成果）/images/4D350217-9DF9-43BA-8F54-420F1F4A9E45_hd.jpg,JL死吗,2026年03月28日 20:13,"伦敦骑士桥豪华精选
订的基础房自动升级的行政房间
酒店很贴心啊，知道我住不起文华东方，给了我一个能看清楚酒店全貌的房间。",0,
80,1517B657-F302-4251-B2BF-0909D4B9066E_hd.jpg,/Users/lazywords/Code/高卡紫相关/QQ群相册/酒店房间（展示要饭成果）/images/1517B657-F302-4251-B2BF-0909D4B9066E_hd.jpg,JL死吗,2026年03月28日 20:13,"伦敦骑士桥豪华精选
订的基础房自动升级的行政房间
酒店很贴心啊，知道我住不起文华东方，给了我一个能看清楚酒店全貌的房间。",0,
81,6DEE37B8-362E-41E7-B93D-92DEC47D1059_hd.jpg,/Users/lazywords/Code/高卡紫相关/QQ群相册/酒店房间（展示要饭成果）/images/6DEE37B8-362E-41E7-B93D-92DEC47D1059_hd.jpg,JL死吗,2026年03月28日 20:13,"伦敦骑士桥豪华精选
订的基础房自动升级的行政房间
酒店很贴心啊，知道我住不起文华东方，给了我一个能看清楚酒店全貌的房间。",0,
82,5C0E8055-6378-4639-8880-2CC312AEFF43_hd.jpg,/Users/lazywords/Code/高卡紫相关/QQ群相册/酒店房间（展示要饭成果）/images/5C0E8055-6378-4639-8880-2CC312AEFF43_hd.jpg,JL死吗,2026年03月28日 20:13,"伦敦骑士桥豪华精选
订的基础房自动升级的行政房间
酒店很贴心啊，知道我住不起文华东方，给了我一个能看清楚酒店全貌的房间。",0,
83,6BB9EF3E-A9AB-4939-B28A-412A9B174BDB_big.jpg,/Users/lazywords/Code/高卡紫相关/QQ群相册/酒店房间（展示要饭成果）/images/6BB9EF3E-A9AB-4939-B28A-412A9B174BDB_big.jpg,Hilton 死吗| Pend,2026年03月27日 20:55,"杭州希尔顿逸林
酒廊结束的第二分钟打来电话
很抱歉先生这边给您要饭了个酒廊前台同事忘告诉你了这边给您送了小水果打发你
😀😀😀😀",0,
84,A367F40F-0B3A-4390-B956-CF74BC154D45_big.jpg,/Users/lazywords/Code/高卡紫相关/QQ群相册/酒店房间（展示要饭成果）/images/A367F40F-0B3A-4390-B956-CF74BC154D45_big.jpg,Hilton 死吗| Pend,2026年03月27日 20:55,"杭州希尔顿逸林
酒廊结束的第二分钟打来电话
很抱歉先生这边给您要饭了个酒廊前台同事忘告诉你了这边给您送了小水果打发你
😀😀😀😀",0,
85,67B5E6A6-1478-43F6-8478-BB746059FDAA_big.jpg,/Users/lazywords/Code/高卡紫相关/QQ群相册/酒店房间（展示要饭成果）/images/67B5E6A6-1478-43F6-8478-BB746059FDAA_big.jpg,Hilton 死吗| Pend,2026年03月27日 20:55,"杭州希尔顿逸林
酒廊结束的第二分钟打来电话
很抱歉先生这边给您要饭了个酒廊前台同事忘告诉你了这边给您送了小水果打发你
😀😀😀😀",0,
86,F0DF81A7-BE7F-41FF-A9FB-E1C303D495E3_hd.jpg,/Users/lazywords/Code/高卡紫相关/QQ群相册/酒店房间（展示要饭成果）/images/F0DF81A7-BE7F-41FF-A9FB-E1C303D495E3_hd.jpg,JL死吗,2026年03月23日 00:39,"Manchester Marriott Victoria & Albert Hotel

要饭成功，从基础房升级到了普通套房
唯一的问题可能是房间挑高有问题（我胳膊伸直了可以碰到天花板），感觉空间有点逼仄",0,
87,53D9AC3B-EE7E-4C42-8327-EF00BBB5202C_hd.jpg,/Users/lazywords/Code/高卡紫相关/QQ群相册/酒店房间（展示要饭成果）/images/53D9AC3B-EE7E-4C42-8327-EF00BBB5202C_hd.jpg,JL死吗,2026年03月23日 00:39,"Manchester Marriott Victoria & Albert Hotel

要饭成功，从基础房升级到了普通套房
唯一的问题可能是房间挑高有问题（我胳膊伸直了可以碰到天花板），感觉空间有点逼仄",0,
88,249F08CB-073F-47B8-A255-B4AC5D0BC21C_hd.jpg,/Users/lazywords/Code/高卡紫相关/QQ群相册/酒店房间（展示要饭成果）/images/249F08CB-073F-47B8-A255-B4AC5D0BC21C_hd.jpg,JL死吗,2026年03月23日 00:39,"Manchester Marriott Victoria & Albert Hotel

要饭成功，从基础房升级到了普通套房
唯一的问题可能是房间挑高有问题（我胳膊伸直了可以碰到天花板），感觉空间有点逼仄",0,
89,45D5C850-86C1-40D4-9037-1BB1B664011A_hd.jpg,/Users/lazywords/Code/高卡紫相关/QQ群相册/酒店房间（展示要饭成果）/images/45D5C850-86C1-40D4-9037-1BB1B664011A_hd.jpg,JL死吗,2026年03月23日 00:39,"Manchester Marriott Victoria & Albert Hotel

要饭成功，从基础房升级到了普通套房
唯一的问题可能是房间挑高有问题（我胳膊伸直了可以碰到天花板），感觉空间有点逼仄",0,
90,D790315B-825D-48AD-A9B1-CB92DD010E69_hd.jpg,/Users/lazywords/Code/高卡紫相关/QQ群相册/酒店房间（展示要饭成果）/images/D790315B-825D-48AD-A9B1-CB92DD010E69_hd.jpg,JL死吗,2026年03月23日 00:39,"Manchester Marriott Victoria & Albert Hotel

要饭成功，从基础房升级到了普通套房
唯一的问题可能是房间挑高有问题（我胳膊伸直了可以碰到天花板），感觉空间有点逼仄",0,
91,A64D0B9F-7BD1-4765-9CA3-6EC3632B397E_big.jpg,/Users/lazywords/Code/高卡紫相关/QQ群相册/酒店房间（展示要饭成果）/images/A64D0B9F-7BD1-4765-9CA3-6EC3632B397E_big.jpg,弦卷心的Tourbillon Sm,2026年03月22日 23:59,"马歇尔音响还行，公区可以，景相对可以但没什么感觉，看塔还行。
看完东萝，东京各种酒店打卡ing
采用电车不算方便，打车方便，虽然机缘巧合靠海鸥线，但不能subway pass
早餐普通，使用lelabo，感觉对应虎之门edition",0,
92,799B1944-D352-46BA-9470-13F8EF46A046_big.jpg,/Users/lazywords/Code/高卡紫相关/QQ群相册/酒店房间（展示要饭成果）/images/799B1944-D352-46BA-9470-13F8EF46A046_big.jpg,弦卷心的Tourbillon Sm,2026年03月22日 23:59,"马歇尔音响还行，公区可以，景相对可以但没什么感觉，看塔还行。
看完东萝，东京各种酒店打卡ing
采用电车不算方便，打车方便，虽然机缘巧合靠海鸥线，但不能subway pass
早餐普通，使用lelabo，感觉对应虎之门edition",0,
93,8E0F3890-07C7-4F1C-8076-47CBAC225D50_big.jpg,/Users/lazywords/Code/高卡紫相关/QQ群相册/酒店房间（展示要饭成果）/images/8E0F3890-07C7-4F1C-8076-47CBAC225D50_big.jpg,弦卷心的Tourbillon Sm,2026年03月22日 23:59,"马歇尔音响还行，公区可以，景相对可以但没什么感觉，看塔还行。
看完东萝，东京各种酒店打卡ing
采用电车不算方便，打车方便，虽然机缘巧合靠海鸥线，但不能subway pass
早餐普通，使用lelabo，感觉对应虎之门edition",0,
94,84766132-9565-48C3-BD06-6ED13F84FA39_big.jpg,/Users/lazywords/Code/高卡紫相关/QQ群相册/酒店房间（展示要饭成果）/images/84766132-9565-48C3-BD06-6ED13F84FA39_big.jpg,弦卷心的Tourbillon Sm,2026年03月22日 23:59,"马歇尔音响还行，公区可以，景相对可以但没什么感觉，看塔还行。
看完东萝，东京各种酒店打卡ing
采用电车不算方便，打车方便，虽然机缘巧合靠海鸥线，但不能subway pass
早餐普通，使用lelabo，感觉对应虎之门edition",0,
95,41279137-21E1-40FD-9414-52E0310B3016_big.jpg,/Users/lazywords/Code/高卡紫相关/QQ群相册/酒店房间（展示要饭成果）/images/41279137-21E1-40FD-9414-52E0310B3016_big.jpg,弦卷心的Tourbillon Sm,2026年03月22日 23:58,"马歇尔音响还行，公区可以，景相对可以但没什么感觉，看塔还行。
看完东萝，东京各种酒店打卡ing
采用电车不算方便，打车方便，虽然机缘巧合靠海鸥线，但不能subway pass
早餐普通，使用lelabo，感觉对应虎之门edition",0,
96,4CE06F25-76F1-40B2-AF17-C97C275C737C_big.jpg,/Users/lazywords/Code/高卡紫相关/QQ群相册/酒店房间（展示要饭成果）/images/4CE06F25-76F1-40B2-AF17-C97C275C737C_big.jpg,弦卷心的Tourbillon Sm,2026年03月22日 23:58,"马歇尔音响还行，公区可以，景相对可以但没什么感觉，看塔还行。
看完东萝，东京各种酒店打卡ing
采用电车不算方便，打车方便，虽然机缘巧合靠海鸥线，但不能subway pass
早餐普通，使用lelabo，感觉对应虎之门edition",0,
97,14E4E52D-D203-492A-8264-8F40A05E6EA8_big.jpg,/Users/lazywords/Code/高卡紫相关/QQ群相册/酒店房间（展示要饭成果）/images/14E4E52D-D203-492A-8264-8F40A05E6EA8_big.jpg,番茄奶龙,2026年04月05日 21:35,芜湖逸林套房,0,
98,14A6AEE6-37D0-4545-BA78-58E4BE7C4E0B_big.jpg,/Users/lazywords/Code/高卡紫相关/QQ群相册/酒店房间（展示要饭成果）/images/14A6AEE6-37D0-4545-BA78-58E4BE7C4E0B_big.jpg,番茄奶龙,2026年04月05日 21:35,芜湖逸林套房,0,
99,1AA910DF-A2B1-48E7-A6DF-1EEBFECC4240_big.jpg,/Users/lazywords/Code/高卡紫相关/QQ群相册/酒店房间（展示要饭成果）/images/1AA910DF-A2B1-48E7-A6DF-1EEBFECC4240_big.jpg,番茄奶龙,2026年04月05日 21:35,芜湖逸林套房,0,
100,E336DD7A-5816-4280-8007-301AC65CFABF_big.jpg,/Users/lazywords/Code/高卡紫相关/QQ群相册/酒店房间（展示要饭成果）/images/E336DD7A-5816-4280-8007-301AC65CFABF_big.jpg,番茄奶龙,2026年04月05日 21:35,芜湖逸林套房,0,
101,7171A569-648A-4EDA-AF9B-964929B01BBD_big.jpg,/Users/lazywords/Code/高卡紫相关/QQ群相册/酒店房间（展示要饭成果）/images/7171A569-648A-4EDA-AF9B-964929B01BBD_big.jpg,番茄奶龙,2026年04月05日 21:35,芜湖逸林套房,0,
102,8BBF8209-3C6B-4ABB-BB87-ABDA3959D90E_big.jpg,/Users/lazywords/Code/高卡紫相关/QQ群相册/酒店房间（展示要饭成果）/images/8BBF8209-3C6B-4ABB-BB87-ABDA3959D90E_big.jpg,番茄奶龙,2026年04月05日 21:35,芜湖逸林套房,0,
103,BF06F318-A63B-4BF7-9D92-AD87AD6BAB70_hd.jpg,/Users/lazywords/Code/高卡紫相关/QQ群相册/酒店房间（展示要饭成果）/images/BF06F318-A63B-4BF7-9D92-AD87AD6BAB70_hd.jpg,希思罗T5 Domestic死吗,2026年04月05日 23:03,"Kimpton Fitzroy London
非常好的装修，非常专业的礼宾。
夯",0,
104,D8BF5DAA-5FD1-4AD1-918E-53AD17AE8E43_hd.jpg,/Users/lazywords/Code/高卡紫相关/QQ群相册/酒店房间（展示要饭成果）/images/D8BF5DAA-5FD1-4AD1-918E-53AD17AE8E43_hd.jpg,希思罗T5 Domestic死吗,2026年04月05日 23:03,"Kimpton Fitzroy London
非常好的装修，非常专业的礼宾。
夯",0,
105,E2242570-11B8-49D2-8314-6C9479B128CF_hd.jpg,/Users/lazywords/Code/高卡紫相关/QQ群相册/酒店房间（展示要饭成果）/images/E2242570-11B8-49D2-8314-6C9479B128CF_hd.jpg,希思罗T5 Domestic死吗,2026年04月05日 23:03,"Kimpton Fitzroy London
非常好的装修，非常专业的礼宾。
夯",0,
106,FCB2E22F-D8DC-4C58-B620-B5D22E972173_hd.jpg,/Users/lazywords/Code/高卡紫相关/QQ群相册/酒店房间（展示要饭成果）/images/FCB2E22F-D8DC-4C58-B620-B5D22E972173_hd.jpg,希思罗T5 Domestic死吗,2026年04月05日 23:03,"Kimpton Fitzroy London
非常好的装修，非常专业的礼宾。
夯",0,
107,1DFC6237-5632-48A6-AADE-13B005195C58_hd.jpg,/Users/lazywords/Code/高卡紫相关/QQ群相册/酒店房间（展示要饭成果）/images/1DFC6237-5632-48A6-AADE-13B005195C58_hd.jpg,希思罗T5 Domestic死吗,2026年04月05日 23:03,"Kimpton Fitzroy London
非常好的装修，非常专业的礼宾。
夯",0,
108,410121E6-F453-4F4F-8CA8-74EAF41CEBBC_hd.jpg,/Users/lazywords/Code/高卡紫相关/QQ群相册/酒店房间（展示要饭成果）/images/410121E6-F453-4F4F-8CA8-74EAF41CEBBC_hd.jpg,希思罗T5 Domestic死吗,2026年04月05日 23:03,"Kimpton Fitzroy London
非常好的装修，非常专业的礼宾。
夯",0,
109,98C87E68-DA9B-4154-958D-2967B222133B_hd.jpg,/Users/lazywords/Code/高卡紫相关/QQ群相册/酒店房间（展示要饭成果）/images/98C87E68-DA9B-4154-958D-2967B222133B_hd.jpg,希思罗T5 Domestic死吗,2026年04月05日 23:03,"Kimpton Fitzroy London
非常好的装修，非常专业的礼宾。
夯",0,
110,279F04F4-F786-47F0-AF6B-188F7EEF8826_hd.jpg,/Users/lazywords/Code/高卡紫相关/QQ群相册/酒店房间（展示要饭成果）/images/279F04F4-F786-47F0-AF6B-188F7EEF8826_hd.jpg,希思罗T5 Domestic死吗,2026年04月05日 23:03,"Kimpton Fitzroy London
非常好的装修，非常专业的礼宾。
夯",0,
111,D10F0820-55F4-4C9C-BFAC-EC58CED7B9CB_hd.jpg,/Users/lazywords/Code/高卡紫相关/QQ群相册/酒店房间（展示要饭成果）/images/D10F0820-55F4-4C9C-BFAC-EC58CED7B9CB_hd.jpg,希思罗T5 Domestic死吗,2026年04月05日 23:04,"Kimpton Fitzroy London
非常好的装修，非常专业的礼宾。
夯",0,
112,971E13EB-12D3-48A3-8011-A3DD7F55EFF1_hd.jpg,/Users/lazywords/Code/高卡紫相关/QQ群相册/酒店房间（展示要饭成果）/images/971E13EB-12D3-48A3-8011-A3DD7F55EFF1_hd.jpg,希思罗T5 Domestic死吗,2026年04月05日 23:04,"Kimpton Fitzroy London
非常好的装修，非常专业的礼宾。
夯",0,
113,3A2CFA26-3347-415C-960D-57971D60BEE4_hd.jpg,/Users/lazywords/Code/高卡紫相关/QQ群相册/酒店房间（展示要饭成果）/images/3A2CFA26-3347-415C-960D-57971D60BEE4_hd.jpg,希思罗T5 Domestic死吗,2026年04月05日 23:04,"Kimpton Fitzroy London
非常好的装修，非常专业的礼宾。
夯",0,
114,D385CB12-09E1-4E7F-96DF-355420203DE5_hd.jpg,/Users/lazywords/Code/高卡紫相关/QQ群相册/酒店房间（展示要饭成果）/images/D385CB12-09E1-4E7F-96DF-355420203DE5_hd.jpg,希思罗T5 Domestic死吗,2026年04月05日 23:04,"Kimpton Fitzroy London
非常好的装修，非常专业的礼宾。
夯",0,
115,3B42C27C-C174-4630-BA44-D97CD67DBAB6_hd.jpg,/Users/lazywords/Code/高卡紫相关/QQ群相册/酒店房间（展示要饭成果）/images/3B42C27C-C174-4630-BA44-D97CD67DBAB6_hd.jpg,希思罗T5 Domestic死吗,2026年04月05日 23:04,"Kimpton Fitzroy London
非常好的装修，非常专业的礼宾。
夯",0,
116,361107F1-0AE3-4509-9026-38D8949F0A70_big.jpg,/Users/lazywords/Code/高卡紫相关/QQ群相册/酒店房间（展示要饭成果）/images/361107F1-0AE3-4509-9026-38D8949F0A70_big.jpg,1,2026年04月06日 18:46,青岛瑞吉,0,
117,30CC7F15-CD18-4927-8929-F4D1CCAFCDB9_big.jpg,/Users/lazywords/Code/高卡紫相关/QQ群相册/酒店房间（展示要饭成果）/images/30CC7F15-CD18-4927-8929-F4D1CCAFCDB9_big.jpg,1,2026年04月06日 18:46,青岛瑞吉,0,
118,610F01B2-D4BB-4C66-8D8B-B10F4A0684FB_big.jpg,/Users/lazywords/Code/高卡紫相关/QQ群相册/酒店房间（展示要饭成果）/images/610F01B2-D4BB-4C66-8D8B-B10F4A0684FB_big.jpg,1,2026年04月06日 18:46,青岛瑞吉,0,
119,9D4493D6-5941-45B3-AC67-1354E3314C69_big.jpg,/Users/lazywords/Code/高卡紫相关/QQ群相册/酒店房间（展示要饭成果）/images/9D4493D6-5941-45B3-AC67-1354E3314C69_big.jpg,1,2026年04月06日 18:46,青岛瑞吉,0,
120,D6D34E4D-07A3-46EA-9958-BDF38506C09B_big.jpg,/Users/lazywords/Code/高卡紫相关/QQ群相册/酒店房间（展示要饭成果）/images/D6D34E4D-07A3-46EA-9958-BDF38506C09B_big.jpg,1,2026年04月06日 18:46,青岛瑞吉,0,
121,57933682-F632-4816-811A-AC5B3F9C18A8_big.jpg,/Users/lazywords/Code/高卡紫相关/QQ群相册/酒店房间（展示要饭成果）/images/57933682-F632-4816-811A-AC5B3F9C18A8_big.jpg,弦卷心的Tourbillon Sm,2026年04月07日 21:27,"东京fufuふふ
东京旗舰，体感比hoshinoya好，在东京银座这个位置能有如此大的房间，Chanel旁边HW楼上，最小60最大180，总共34间房，简直了。
并且小零食，类似酒廊都顶层酒吧都很不错…虽然看得出来没有什么做高端酒店的经验，但是总体来说给的各种无限量可薅零食和备品的水平，还是毫不吝啬，每日从热海的運び湯也是卖点。",0,
122,96920876-B7E1-4086-BF06-04E2EAE3CA4D_big.jpg,/Users/lazywords/Code/高卡紫相关/QQ群相册/酒店房间（展示要饭成果）/images/96920876-B7E1-4086-BF06-04E2EAE3CA4D_big.jpg,弦卷心的Tourbillon Sm,2026年04月07日 21:27,"东京fufuふふ
东京旗舰，体感比hoshinoya好，在东京银座这个位置能有如此大的房间，Chanel旁边HW楼上，最小60最大180，总共34间房，简直了。
并且小零食，类似酒廊都顶层酒吧都很不错…虽然看得出来没有什么做高端酒店的经验，但是总体来说给的各种无限量可薅零食和备品的水平，还是毫不吝啬，每日从热海的運び湯也是卖点。",0,
123,A952223A-CD05-41ED-A107-DA25F915BE00_big.jpg,/Users/lazywords/Code/高卡紫相关/QQ群相册/酒店房间（展示要饭成果）/images/A952223A-CD05-41ED-A107-DA25F915BE00_big.jpg,弦卷心的Tourbillon Sm,2026年04月07日 21:27,"东京fufuふふ
东京旗舰，体感比hoshinoya好，在东京银座这个位置能有如此大的房间，Chanel旁边HW楼上，最小60最大180，总共34间房，简直了。
并且小零食，类似酒廊都顶层酒吧都很不错…虽然看得出来没有什么做高端酒店的经验，但是总体来说给的各种无限量可薅零食和备品的水平，还是毫不吝啬，每日从热海的運び湯也是卖点。",0,
124,50D52D0C-762D-43DA-A0CF-853D9F85CD2B_big.jpg,/Users/lazywords/Code/高卡紫相关/QQ群相册/酒店房间（展示要饭成果）/images/50D52D0C-762D-43DA-A0CF-853D9F85CD2B_big.jpg,弦卷心的Tourbillon Sm,2026年04月07日 21:27,"东京fufuふふ
东京旗舰，体感比hoshinoya好，在东京银座这个位置能有如此大的房间，Chanel旁边HW楼上，最小60最大180，总共34间房，简直了。
并且小零食，类似酒廊都顶层酒吧都很不错…虽然看得出来没有什么做高端酒店的经验，但是总体来说给的各种无限量可薅零食和备品的水平，还是毫不吝啬，每日从热海的運び湯也是卖点。",0,
125,02963A7F-A451-4010-84F9-74C7FA2E9387_big.jpg,/Users/lazywords/Code/高卡紫相关/QQ群相册/酒店房间（展示要饭成果）/images/02963A7F-A451-4010-84F9-74C7FA2E9387_big.jpg,弦卷心的Tourbillon Sm,2026年04月07日 21:27,"东京fufuふふ
东京旗舰，体感比hoshinoya好，在东京银座这个位置能有如此大的房间，Chanel旁边HW楼上，最小60最大180，总共34间房，简直了。
并且小零食，类似酒廊都顶层酒吧都很不错…虽然看得出来没有什么做高端酒店的经验，但是总体来说给的各种无限量可薅零食和备品的水平，还是毫不吝啬，每日从热海的運び湯也是卖点。",0,
126,4E9A4DF6-9294-406A-AEA7-66FE09DE4C55_big.jpg,/Users/lazywords/Code/高卡紫相关/QQ群相册/酒店房间（展示要饭成果）/images/4E9A4DF6-9294-406A-AEA7-66FE09DE4C55_big.jpg,弦卷心的Tourbillon Sm,2026年04月07日 21:27,"东京fufuふふ
东京旗舰，体感比hoshinoya好，在东京银座这个位置能有如此大的房间，Chanel旁边HW楼上，最小60最大180，总共34间房，简直了。
并且小零食，类似酒廊都顶层酒吧都很不错…虽然看得出来没有什么做高端酒店的经验，但是总体来说给的各种无限量可薅零食和备品的水平，还是毫不吝啬，每日从热海的運び湯也是卖点。",0,
127,B0B72500-B566-4C63-9A1F-44706E006B26_big.jpg,/Users/lazywords/Code/高卡紫相关/QQ群相册/酒店房间（展示要饭成果）/images/B0B72500-B566-4C63-9A1F-44706E006B26_big.jpg,弦卷心的Tourbillon Sm,2026年04月07日 21:27,"东京fufuふふ
东京旗舰，体感比hoshinoya好，在东京银座这个位置能有如此大的房间，Chanel旁边HW楼上，最小60最大180，总共34间房，简直了。
并且小零食，类似酒廊都顶层酒吧都很不错…虽然看得出来没有什么做高端酒店的经验，但是总体来说给的各种无限量可薅零食和备品的水平，还是毫不吝啬，每日从热海的運び湯也是卖点。",0,
128,056DD065-AF4B-405F-BE52-0DFCC98B2529_big.jpg,/Users/lazywords/Code/高卡紫相关/QQ群相册/酒店房间（展示要饭成果）/images/056DD065-AF4B-405F-BE52-0DFCC98B2529_big.jpg,弦卷心的Tourbillon Sm,2026年04月07日 21:27,"东京fufuふふ
东京旗舰，体感比hoshinoya好，在东京银座这个位置能有如此大的房间，Chanel旁边HW楼上，最小60最大180，总共34间房，简直了。
并且小零食，类似酒廊都顶层酒吧都很不错…虽然看得出来没有什么做高端酒店的经验，但是总体来说给的各种无限量可薅零食和备品的水平，还是毫不吝啬，每日从热海的運び湯也是卖点。",0,
129,93A49917-F3E9-4C89-A5A9-72D47A204338_big.jpg,/Users/lazywords/Code/高卡紫相关/QQ群相册/酒店房间（展示要饭成果）/images/93A49917-F3E9-4C89-A5A9-72D47A204338_big.jpg,弦卷心的Tourbillon Sm,2026年04月07日 21:27,"东京fufuふふ
东京旗舰，体感比hoshinoya好，在东京银座这个位置能有如此大的房间，Chanel旁边HW楼上，最小60最大180，总共34间房，简直了。
并且小零食，类似酒廊都顶层酒吧都很不错…虽然看得出来没有什么做高端酒店的经验，但是总体来说给的各种无限量可薅零食和备品的水平，还是毫不吝啬，每日从热海的運び湯也是卖点。",0,
130,0862A2A3-554A-4A02-A195-470E0B699F5B_big.jpg,/Users/lazywords/Code/高卡紫相关/QQ群相册/酒店房间（展示要饭成果）/images/0862A2A3-554A-4A02-A195-470E0B699F5B_big.jpg,弦卷心的Tourbillon Sm,2026年04月07日 21:27,"东京fufuふふ
东京旗舰，体感比hoshinoya好，在东京银座这个位置能有如此大的房间，Chanel旁边HW楼上，最小60最大180，总共34间房，简直了。
并且小零食，类似酒廊都顶层酒吧都很不错…虽然看得出来没有什么做高端酒店的经验，但是总体来说给的各种无限量可薅零食和备品的水平，还是毫不吝啬，每日从热海的運び湯也是卖点。",0,
131,3199E1E1-AA27-4AFF-8DA8-E642AADD6C9D_big.jpg,/Users/lazywords/Code/高卡紫相关/QQ群相册/酒店房间（展示要饭成果）/images/3199E1E1-AA27-4AFF-8DA8-E642AADD6C9D_big.jpg,弦卷心的Tourbillon Sm,2026年04月07日 21:27,"东京fufuふふ
东京旗舰，体感比hoshinoya好，在东京银座这个位置能有如此大的房间，Chanel旁边HW楼上，最小60最大180，总共34间房，简直了。
并且小零食，类似酒廊都顶层酒吧都很不错…虽然看得出来没有什么做高端酒店的经验，但是总体来说给的各种无限量可薅零食和备品的水平，还是毫不吝啬，每日从热海的運び湯也是卖点。",0,
132,72B6E32A-B3A3-4D05-AA79-5DF77B52E4B8_big.jpg,/Users/lazywords/Code/高卡紫相关/QQ群相册/酒店房间（展示要饭成果）/images/72B6E32A-B3A3-4D05-AA79-5DF77B52E4B8_big.jpg,弦卷心的Tourbillon Sm,2026年04月07日 21:27,"东京fufuふふ
东京旗舰，体感比hoshinoya好，在东京银座这个位置能有如此大的房间，Chanel旁边HW楼上，最小60最大180，总共34间房，简直了。
并且小零食，类似酒廊都顶层酒吧都很不错…虽然看得出来没有什么做高端酒店的经验，但是总体来说给的各种无限量可薅零食和备品的水平，还是毫不吝啬，每日从热海的運び湯也是卖点。",0,
133,3CC6BF99-FC1F-4056-B92C-CB6CD858F932_big.jpg,/Users/lazywords/Code/高卡紫相关/QQ群相册/酒店房间（展示要饭成果）/images/3CC6BF99-FC1F-4056-B92C-CB6CD858F932_big.jpg,弦卷心的Tourbillon Sm,2026年04月07日 21:27,"东京fufuふふ
东京旗舰，体感比hoshinoya好，在东京银座这个位置能有如此大的房间，Chanel旁边HW楼上，最小60最大180，总共34间房，简直了。
并且小零食，类似酒廊都顶层酒吧都很不错…虽然看得出来没有什么做高端酒店的经验，但是总体来说给的各种无限量可薅零食和备品的水平，还是毫不吝啬，每日从热海的運び湯也是卖点。",0,
134,046B0EC4-A694-4634-9855-6818683E61A7_big.jpg,/Users/lazywords/Code/高卡紫相关/QQ群相册/酒店房间（展示要饭成果）/images/046B0EC4-A694-4634-9855-6818683E61A7_big.jpg,弦卷心的Tourbillon Sm,2026年04月07日 21:27,"东京fufuふふ
东京旗舰，体感比hoshinoya好，在东京银座这个位置能有如此大的房间，Chanel旁边HW楼上，最小60最大180，总共34间房，简直了。
并且小零食，类似酒廊都顶层酒吧都很不错…虽然看得出来没有什么做高端酒店的经验，但是总体来说给的各种无限量可薅零食和备品的水平，还是毫不吝啬，每日从热海的運び湯也是卖点。",0,
135,85EBA6A8-2672-4119-8684-9BF36D6E5AB0_big.jpg,/Users/lazywords/Code/高卡紫相关/QQ群相册/酒店房间（展示要饭成果）/images/85EBA6A8-2672-4119-8684-9BF36D6E5AB0_big.jpg,弦卷心的Tourbillon Sm,2026年04月07日 21:27,"东京fufuふふ
东京旗舰，体感比hoshinoya好，在东京银座这个位置能有如此大的房间，Chanel旁边HW楼上，最小60最大180，总共34间房，简直了。
并且小零食，类似酒廊都顶层酒吧都很不错…虽然看得出来没有什么做高端酒店的经验，但是总体来说给的各种无限量可薅零食和备品的水平，还是毫不吝啬，每日从热海的運び湯也是卖点。",0,
136,E359708E-26DB-46A6-8F4E-64CDA1CF179A_big.jpg,/Users/lazywords/Code/高卡紫相关/QQ群相册/酒店房间（展示要饭成果）/images/E359708E-26DB-46A6-8F4E-64CDA1CF179A_big.jpg,弦卷心的Tourbillon Sm,2026年04月07日 21:27,"东京fufuふふ
东京旗舰，体感比hoshinoya好，在东京银座这个位置能有如此大的房间，Chanel旁边HW楼上，最小60最大180，总共34间房，简直了。
并且小零食，类似酒廊都顶层酒吧都很不错…虽然看得出来没有什么做高端酒店的经验，但是总体来说给的各种无限量可薅零食和备品的水平，还是毫不吝啬，每日从热海的運び湯也是卖点。",0,
137,0845B320-544A-4470-BB34-D1C8ADD61C19_big.jpg,/Users/lazywords/Code/高卡紫相关/QQ群相册/酒店房间（展示要饭成果）/images/0845B320-544A-4470-BB34-D1C8ADD61C19_big.jpg,弦卷心的Tourbillon Sm,2026年04月07日 21:27,"东京fufuふふ
东京旗舰，体感比hoshinoya好，在东京银座这个位置能有如此大的房间，Chanel旁边HW楼上，最小60最大180，总共34间房，简直了。
并且小零食，类似酒廊都顶层酒吧都很不错…虽然看得出来没有什么做高端酒店的经验，但是总体来说给的各种无限量可薅零食和备品的水平，还是毫不吝啬，每日从热海的運び湯也是卖点。",0,
138,B9E76919-43D4-44A7-8566-55795EABCD2F_big.jpg,/Users/lazywords/Code/高卡紫相关/QQ群相册/酒店房间（展示要饭成果）/images/B9E76919-43D4-44A7-8566-55795EABCD2F_big.jpg,弦卷心的Tourbillon Sm,2026年04月07日 21:27,"东京fufuふふ
东京旗舰，体感比hoshinoya好，在东京银座这个位置能有如此大的房间，Chanel旁边HW楼上，最小60最大180，总共34间房，简直了。
并且小零食，类似酒廊都顶层酒吧都很不错…虽然看得出来没有什么做高端酒店的经验，但是总体来说给的各种无限量可薅零食和备品的水平，还是毫不吝啬，每日从热海的運び湯也是卖点。",0,
139,247BFBD0-297A-466B-A200-11612F9C3F7A_big.jpg,/Users/lazywords/Code/高卡紫相关/QQ群相册/酒店房间（展示要饭成果）/images/247BFBD0-297A-466B-A200-11612F9C3F7A_big.jpg,弦卷心的Tourbillon Sm,2026年04月10日 23:09,"Aman new york
纽约地雷阵大车店中还行的一家，两个酒吧，一个意大利餐厅一个日系餐厅，篝火元素，抛开价格不谈的话。不考虑性价比的话。
价格差不多是giri的一半和东京aman差不多，属于是命题作文的另一篇了，东京是KH的日系ryokan命题作文，纽约是JMG的日系ryokan命题作文，但两者采用的元素不同。",0,
140,0F5D5FDA-AC60-476D-ACBB-9A3C5E1FDCE2_big.jpg,/Users/lazywords/Code/高卡紫相关/QQ群相册/酒店房间（展示要饭成果）/images/0F5D5FDA-AC60-476D-ACBB-9A3C5E1FDCE2_big.jpg,弦卷心的Tourbillon Sm,2026年04月10日 23:09,"Aman new york
纽约地雷阵大车店中还行的一家，两个酒吧，一个意大利餐厅一个日系餐厅，篝火元素，抛开价格不谈的话。不考虑性价比的话。
价格差不多是giri的一半和东京aman差不多，属于是命题作文的另一篇了，东京是KH的日系ryokan命题作文，纽约是JMG的日系ryokan命题作文，但两者采用的元素不同。",0,
141,C2B2F498-CEC6-456D-8D69-E689C8AB12EC_big.jpg,/Users/lazywords/Code/高卡紫相关/QQ群相册/酒店房间（展示要饭成果）/images/C2B2F498-CEC6-456D-8D69-E689C8AB12EC_big.jpg,弦卷心的Tourbillon Sm,2026年04月10日 23:09,"Aman new york
纽约地雷阵大车店中还行的一家，两个酒吧，一个意大利餐厅一个日系餐厅，篝火元素，抛开价格不谈的话。不考虑性价比的话。
价格差不多是giri的一半和东京aman差不多，属于是命题作文的另一篇了，东京是KH的日系ryokan命题作文，纽约是JMG的日系ryokan命题作文，但两者采用的元素不同。",0,
142,8C83AF42-48DA-47C3-81C8-21EE9FF65BFB_big.jpg,/Users/lazywords/Code/高卡紫相关/QQ群相册/酒店房间（展示要饭成果）/images/8C83AF42-48DA-47C3-81C8-21EE9FF65BFB_big.jpg,弦卷心的Tourbillon Sm,2026年04月10日 23:09,"Aman new york
纽约地雷阵大车店中还行的一家，两个酒吧，一个意大利餐厅一个日系餐厅，篝火元素，抛开价格不谈的话。不考虑性价比的话。
价格差不多是giri的一半和东京aman差不多，属于是命题作文的另一篇了，东京是KH的日系ryokan命题作文，纽约是JMG的日系ryokan命题作文，但两者采用的元素不同。",0,
143,11C8591A-B851-48B1-85A3-3A53E7E1BD4F_big.jpg,/Users/lazywords/Code/高卡紫相关/QQ群相册/酒店房间（展示要饭成果）/images/11C8591A-B851-48B1-85A3-3A53E7E1BD4F_big.jpg,弦卷心的Tourbillon Sm,2026年04月10日 23:09,"Aman new york
纽约地雷阵大车店中还行的一家，两个酒吧，一个意大利餐厅一个日系餐厅，篝火元素，抛开价格不谈的话。不考虑性价比的话。
价格差不多是giri的一半和东京aman差不多，属于是命题作文的另一篇了，东京是KH的日系ryokan命题作文，纽约是JMG的日系ryokan命题作文，但两者采用的元素不同。",0,
144,A9497A21-D3E1-49A4-9D91-4DFC4387DBC0_big.jpg,/Users/lazywords/Code/高卡紫相关/QQ群相册/酒店房间（展示要饭成果）/images/A9497A21-D3E1-49A4-9D91-4DFC4387DBC0_big.jpg,弦卷心的Tourbillon Sm,2026年04月10日 23:09,"Aman new york
纽约地雷阵大车店中还行的一家，两个酒吧，一个意大利餐厅一个日系餐厅，篝火元素，抛开价格不谈的话。不考虑性价比的话。
价格差不多是giri的一半和东京aman差不多，属于是命题作文的另一篇了，东京是KH的日系ryokan命题作文，纽约是JMG的日系ryokan命题作文，但两者采用的元素不同。",0,
145,3E261202-DAA0-4061-B27D-E25227616093_big.jpg,/Users/lazywords/Code/高卡紫相关/QQ群相册/酒店房间（展示要饭成果）/images/3E261202-DAA0-4061-B27D-E25227616093_big.jpg,弦卷心的Tourbillon Sm,2026年04月10日 23:09,"Aman new york
纽约地雷阵大车店中还行的一家，两个酒吧，一个意大利餐厅一个日系餐厅，篝火元素，抛开价格不谈的话。不考虑性价比的话。
价格差不多是giri的一半和东京aman差不多，属于是命题作文的另一篇了，东京是KH的日系ryokan命题作文，纽约是JMG的日系ryokan命题作文，但两者采用的元素不同。",0,
146,5A9B5035-798A-4DF6-82D0-2A381AC1E9C9_big.jpg,/Users/lazywords/Code/高卡紫相关/QQ群相册/酒店房间（展示要饭成果）/images/5A9B5035-798A-4DF6-82D0-2A381AC1E9C9_big.jpg,弦卷心的Tourbillon Sm,2026年04月10日 23:09,"Aman new york
纽约地雷阵大车店中还行的一家，两个酒吧，一个意大利餐厅一个日系餐厅，篝火元素，抛开价格不谈的话。不考虑性价比的话。
价格差不多是giri的一半和东京aman差不多，属于是命题作文的另一篇了，东京是KH的日系ryokan命题作文，纽约是JMG的日系ryokan命题作文，但两者采用的元素不同。",0,
147,E373B4D9-FF0E-4700-AFFB-A5C99DD0A64A_big.jpg,/Users/lazywords/Code/高卡紫相关/QQ群相册/酒店房间（展示要饭成果）/images/E373B4D9-FF0E-4700-AFFB-A5C99DD0A64A_big.jpg,弦卷心的Tourbillon Sm,2026年04月10日 23:09,"Aman new york
纽约地雷阵大车店中还行的一家，两个酒吧，一个意大利餐厅一个日系餐厅，篝火元素，抛开价格不谈的话。不考虑性价比的话。
价格差不多是giri的一半和东京aman差不多，属于是命题作文的另一篇了，东京是KH的日系ryokan命题作文，纽约是JMG的日系ryokan命题作文，但两者采用的元素不同。",0,
148,4F411C6F-75F2-44EB-87C2-0F13F8F968DF_big.jpg,/Users/lazywords/Code/高卡紫相关/QQ群相册/酒店房间（展示要饭成果）/images/4F411C6F-75F2-44EB-87C2-0F13F8F968DF_big.jpg,弦卷心的Tourbillon Sm,2026年04月10日 23:09,"Aman new york
纽约地雷阵大车店中还行的一家，两个酒吧，一个意大利餐厅一个日系餐厅，篝火元素，抛开价格不谈的话。不考虑性价比的话。
价格差不多是giri的一半和东京aman差不多，属于是命题作文的另一篇了，东京是KH的日系ryokan命题作文，纽约是JMG的日系ryokan命题作文，但两者采用的元素不同。",0,
149,CA8FDC61-FE44-4160-972A-341BB5CEB4DB_big.jpg,/Users/lazywords/Code/高卡紫相关/QQ群相册/酒店房间（展示要饭成果）/images/CA8FDC61-FE44-4160-972A-341BB5CEB4DB_big.jpg,弦卷心的Tourbillon Sm,2026年04月10日 23:09,"Aman new york
纽约地雷阵大车店中还行的一家，两个酒吧，一个意大利餐厅一个日系餐厅，篝火元素，抛开价格不谈的话。不考虑性价比的话。
价格差不多是giri的一半和东京aman差不多，属于是命题作文的另一篇了，东京是KH的日系ryokan命题作文，纽约是JMG的日系ryokan命题作文，但两者采用的元素不同。",0,
150,4BFD9377-8D4A-4AEA-89E3-4A73C787B95A_big.jpg,/Users/lazywords/Code/高卡紫相关/QQ群相册/酒店房间（展示要饭成果）/images/4BFD9377-8D4A-4AEA-89E3-4A73C787B95A_big.jpg,弦卷心的Tourbillon Sm,2026年04月10日 23:09,"Aman new york
纽约地雷阵大车店中还行的一家，两个酒吧，一个意大利餐厅一个日系餐厅，篝火元素，抛开价格不谈的话。不考虑性价比的话。
价格差不多是giri的一半和东京aman差不多，属于是命题作文的另一篇了，东京是KH的日系ryokan命题作文，纽约是JMG的日系ryokan命题作文，但两者采用的元素不同。",0,
151,8824ABCB-C714-458E-B685-0482E5466AFA_big.jpg,/Users/lazywords/Code/高卡紫相关/QQ群相册/酒店房间（展示要饭成果）/images/8824ABCB-C714-458E-B685-0482E5466AFA_big.jpg,1,2026年04月11日 18:11,"台北MO
+2000twd给了两天顶套",0,
152,342EA5CA-D2F1-4E71-A066-1715C1E13ED9_big.jpg,/Users/lazywords/Code/高卡紫相关/QQ群相册/酒店房间（展示要饭成果）/images/342EA5CA-D2F1-4E71-A066-1715C1E13ED9_big.jpg,1,2026年04月11日 18:11,"台北MO
+2000twd给了两天顶套",0,
153,CBD24E0C-F02C-4750-B0AD-59947B1E324D_big.jpg,/Users/lazywords/Code/高卡紫相关/QQ群相册/酒店房间（展示要饭成果）/images/CBD24E0C-F02C-4750-B0AD-59947B1E324D_big.jpg,1,2026年04月11日 18:11,"台北MO
+2000twd给了两天顶套",0,
154,B902D81A-9227-46BF-987F-911D08639239_big.jpg,/Users/lazywords/Code/高卡紫相关/QQ群相册/酒店房间（展示要饭成果）/images/B902D81A-9227-46BF-987F-911D08639239_big.jpg,1,2026年04月11日 18:11,"台北MO
+2000twd给了两天顶套",0,
155,1D8B0ABC-2AB1-431B-B192-8DAA8E80497C_big.jpg,/Users/lazywords/Code/高卡紫相关/QQ群相册/酒店房间（展示要饭成果）/images/1D8B0ABC-2AB1-431B-B192-8DAA8E80497C_big.jpg,弦卷心的Tourbillon Sm,2026年04月17日 14:17,"Amangiri，全美第一Aman，全包式三餐除了酒，味道大多普通。
房间设计可谓普通，没有任何智能化设备，但得力与环境和公区有极强的海市蜃楼感。
experience比较有意思并且有相对其他aman来说有趣的免费活动，全程都是和其他Aman一样的BMW。
无任何公共交通，最近机场为page，mini bar丰富但无任何酒由于犹他州法律，但想喝酒打电话就可以送。",0,
156,EA233811-90C3-45AF-9676-D7DD82FB56C8_big.jpg,/Users/lazywords/Code/高卡紫相关/QQ群相册/酒店房间（展示要饭成果）/images/EA233811-90C3-45AF-9676-D7DD82FB56C8_big.jpg,弦卷心的Tourbillon Sm,2026年04月17日 14:17,"Amangiri，全美第一Aman，全包式三餐除了酒，味道大多普通。
房间设计可谓普通，没有任何智能化设备，但得力与环境和公区有极强的海市蜃楼感。
experience比较有意思并且有相对其他aman来说有趣的免费活动，全程都是和其他Aman一样的BMW。
无任何公共交通，最近机场为page，mini bar丰富但无任何酒由于犹他州法律，但想喝酒打电话就可以送。",0,
157,2AA36646-70AD-423D-883D-B76F2D51F84B_big.jpg,/Users/lazywords/Code/高卡紫相关/QQ群相册/酒店房间（展示要饭成果）/images/2AA36646-70AD-423D-883D-B76F2D51F84B_big.jpg,弦卷心的Tourbillon Sm,2026年04月17日 14:17,"Amangiri，全美第一Aman，全包式三餐除了酒，味道大多普通。
房间设计可谓普通，没有任何智能化设备，但得力与环境和公区有极强的海市蜃楼感。
experience比较有意思并且有相对其他aman来说有趣的免费活动，全程都是和其他Aman一样的BMW。
无任何公共交通，最近机场为page，mini bar丰富但无任何酒由于犹他州法律，但想喝酒打电话就可以送。",0,
158,A97B3B28-49C1-4EEA-9CD4-9461E4DA5C89_big.jpg,/Users/lazywords/Code/高卡紫相关/QQ群相册/酒店房间（展示要饭成果）/images/A97B3B28-49C1-4EEA-9CD4-9461E4DA5C89_big.jpg,弦卷心的Tourbillon Sm,2026年04月17日 14:17,"Amangiri，全美第一Aman，全包式三餐除了酒，味道大多普通。
房间设计可谓普通，没有任何智能化设备，但得力与环境和公区有极强的海市蜃楼感。
experience比较有意思并且有相对其他aman来说有趣的免费活动，全程都是和其他Aman一样的BMW。
无任何公共交通，最近机场为page，mini bar丰富但无任何酒由于犹他州法律，但想喝酒打电话就可以送。",0,
159,297B99B5-859D-49A3-833D-AE1D4D00F6E5_big.jpg,/Users/lazywords/Code/高卡紫相关/QQ群相册/酒店房间（展示要饭成果）/images/297B99B5-859D-49A3-833D-AE1D4D00F6E5_big.jpg,弦卷心的Tourbillon Sm,2026年04月17日 14:17,"Amangiri，全美第一Aman，全包式三餐除了酒，味道大多普通。
房间设计可谓普通，没有任何智能化设备，但得力与环境和公区有极强的海市蜃楼感。
experience比较有意思并且有相对其他aman来说有趣的免费活动，全程都是和其他Aman一样的BMW。
无任何公共交通，最近机场为page，mini bar丰富但无任何酒由于犹他州法律，但想喝酒打电话就可以送。",0,
160,ABE52F3A-6E89-4454-A169-3954CA24CB82_big.jpg,/Users/lazywords/Code/高卡紫相关/QQ群相册/酒店房间（展示要饭成果）/images/ABE52F3A-6E89-4454-A169-3954CA24CB82_big.jpg,弦卷心的Tourbillon Sm,2026年04月17日 14:17,"Amangiri，全美第一Aman，全包式三餐除了酒，味道大多普通。
房间设计可谓普通，没有任何智能化设备，但得力与环境和公区有极强的海市蜃楼感。
experience比较有意思并且有相对其他aman来说有趣的免费活动，全程都是和其他Aman一样的BMW。
无任何公共交通，最近机场为page，mini bar丰富但无任何酒由于犹他州法律，但想喝酒打电话就可以送。",0,
161,9A0DA472-E617-4193-B50F-841A896678A5_big.jpg,/Users/lazywords/Code/高卡紫相关/QQ群相册/酒店房间（展示要饭成果）/images/9A0DA472-E617-4193-B50F-841A896678A5_big.jpg,弦卷心的Tourbillon Sm,2026年04月17日 14:17,"Amangiri，全美第一Aman，全包式三餐除了酒，味道大多普通。
房间设计可谓普通，没有任何智能化设备，但得力与环境和公区有极强的海市蜃楼感。
experience比较有意思并且有相对其他aman来说有趣的免费活动，全程都是和其他Aman一样的BMW。
无任何公共交通，最近机场为page，mini bar丰富但无任何酒由于犹他州法律，但想喝酒打电话就可以送。",0,
162,106E5706-958E-446E-A9C0-EF6F7A208284_big.jpg,/Users/lazywords/Code/高卡紫相关/QQ群相册/酒店房间（展示要饭成果）/images/106E5706-958E-446E-A9C0-EF6F7A208284_big.jpg,弦卷心的Tourbillon Sm,2026年04月17日 14:17,"Amangiri，全美第一Aman，全包式三餐除了酒，味道大多普通。
房间设计可谓普通，没有任何智能化设备，但得力与环境和公区有极强的海市蜃楼感。
experience比较有意思并且有相对其他aman来说有趣的免费活动，全程都是和其他Aman一样的BMW。
无任何公共交通，最近机场为page，mini bar丰富但无任何酒由于犹他州法律，但想喝酒打电话就可以送。",0,
163,0DB53012-57B2-4283-AEA8-A30EA6E5956B_big.jpg,/Users/lazywords/Code/高卡紫相关/QQ群相册/酒店房间（展示要饭成果）/images/0DB53012-57B2-4283-AEA8-A30EA6E5956B_big.jpg,弦卷心的Tourbillon Sm,2026年04月17日 14:17,"Amangiri，全美第一Aman，全包式三餐除了酒，味道大多普通。
房间设计可谓普通，没有任何智能化设备，但得力与环境和公区有极强的海市蜃楼感。
experience比较有意思并且有相对其他aman来说有趣的免费活动，全程都是和其他Aman一样的BMW。
无任何公共交通，最近机场为page，mini bar丰富但无任何酒由于犹他州法律，但想喝酒打电话就可以送。",0,
164,A2B7DFDF-371B-4F41-9442-A998C292CA32_big.jpg,/Users/lazywords/Code/高卡紫相关/QQ群相册/酒店房间（展示要饭成果）/images/A2B7DFDF-371B-4F41-9442-A998C292CA32_big.jpg,弦卷心的Tourbillon Sm,2026年04月17日 14:17,"Amangiri，全美第一Aman，全包式三餐除了酒，味道大多普通。
房间设计可谓普通，没有任何智能化设备，但得力与环境和公区有极强的海市蜃楼感。
experience比较有意思并且有相对其他aman来说有趣的免费活动，全程都是和其他Aman一样的BMW。
无任何公共交通，最近机场为page，mini bar丰富但无任何酒由于犹他州法律，但想喝酒打电话就可以送。",0,
165,5E93CA4F-BAC6-4A70-B1C4-14CE45117EDD_big.jpg,/Users/lazywords/Code/高卡紫相关/QQ群相册/酒店房间（展示要饭成果）/images/5E93CA4F-BAC6-4A70-B1C4-14CE45117EDD_big.jpg,弦卷心的Tourbillon Sm,2026年04月17日 14:17,"Amangiri，全美第一Aman，全包式三餐除了酒，味道大多普通。
房间设计可谓普通，没有任何智能化设备，但得力与环境和公区有极强的海市蜃楼感。
experience比较有意思并且有相对其他aman来说有趣的免费活动，全程都是和其他Aman一样的BMW。
无任何公共交通，最近机场为page，mini bar丰富但无任何酒由于犹他州法律，但想喝酒打电话就可以送。",0,
166,B2B2A8C8-FDCE-4946-ABDC-426CA1E546CE_big.jpg,/Users/lazywords/Code/高卡紫相关/QQ群相册/酒店房间（展示要饭成果）/images/B2B2A8C8-FDCE-4946-ABDC-426CA1E546CE_big.jpg,弦卷心的Tourbillon Sm,2026年04月17日 14:17,"Amangiri，全美第一Aman，全包式三餐除了酒，味道大多普通。
房间设计可谓普通，没有任何智能化设备，但得力与环境和公区有极强的海市蜃楼感。
experience比较有意思并且有相对其他aman来说有趣的免费活动，全程都是和其他Aman一样的BMW。
无任何公共交通，最近机场为page，mini bar丰富但无任何酒由于犹他州法律，但想喝酒打电话就可以送。",0,
167,C3C0C581-F248-467E-809A-6AB8D165BC6D_big.jpg,/Users/lazywords/Code/高卡紫相关/QQ群相册/酒店房间（展示要饭成果）/images/C3C0C581-F248-467E-809A-6AB8D165BC6D_big.jpg,弦卷心的Tourbillon Sm,2026年04月17日 14:17,"Amangiri，全美第一Aman，全包式三餐除了酒，味道大多普通。
房间设计可谓普通，没有任何智能化设备，但得力与环境和公区有极强的海市蜃楼感。
experience比较有意思并且有相对其他aman来说有趣的免费活动，全程都是和其他Aman一样的BMW。
无任何公共交通，最近机场为page，mini bar丰富但无任何酒由于犹他州法律，但想喝酒打电话就可以送。",0,
168,3BC0CE17-9DA8-4867-81E9-729CB72C996E_big.jpg,/Users/lazywords/Code/高卡紫相关/QQ群相册/酒店房间（展示要饭成果）/images/3BC0CE17-9DA8-4867-81E9-729CB72C996E_big.jpg,弦卷心的Tourbillon Sm,2026年04月17日 14:17,"Amangiri，全美第一Aman，全包式三餐除了酒，味道大多普通。
房间设计可谓普通，没有任何智能化设备，但得力与环境和公区有极强的海市蜃楼感。
experience比较有意思并且有相对其他aman来说有趣的免费活动，全程都是和其他Aman一样的BMW。
无任何公共交通，最近机场为page，mini bar丰富但无任何酒由于犹他州法律，但想喝酒打电话就可以送。",0,
169,6A577101-53ED-4DA5-BE24-B17B97FA8C24_big.jpg,/Users/lazywords/Code/高卡紫相关/QQ群相册/酒店房间（展示要饭成果）/images/6A577101-53ED-4DA5-BE24-B17B97FA8C24_big.jpg,弦卷心的Tourbillon Sm,2026年04月17日 14:17,"Amangiri，全美第一Aman，全包式三餐除了酒，味道大多普通。
房间设计可谓普通，没有任何智能化设备，但得力与环境和公区有极强的海市蜃楼感。
experience比较有意思并且有相对其他aman来说有趣的免费活动，全程都是和其他Aman一样的BMW。
无任何公共交通，最近机场为page，mini bar丰富但无任何酒由于犹他州法律，但想喝酒打电话就可以送。",0,
170,8040E2BA-1CEC-40CC-8EC8-D9C932ECBDC7_big.jpg,/Users/lazywords/Code/高卡紫相关/QQ群相册/酒店房间（展示要饭成果）/images/8040E2BA-1CEC-40CC-8EC8-D9C932ECBDC7_big.jpg,弦卷心的Tourbillon Sm,2026年04月17日 14:17,"Amangiri，全美第一Aman，全包式三餐除了酒，味道大多普通。
房间设计可谓普通，没有任何智能化设备，但得力与环境和公区有极强的海市蜃楼感。
experience比较有意思并且有相对其他aman来说有趣的免费活动，全程都是和其他Aman一样的BMW。
无任何公共交通，最近机场为page，mini bar丰富但无任何酒由于犹他州法律，但想喝酒打电话就可以送。",0,
171,79B75A86-6D0E-4707-8123-EA362C29D4C2_big.jpg,/Users/lazywords/Code/高卡紫相关/QQ群相册/酒店房间（展示要饭成果）/images/79B75A86-6D0E-4707-8123-EA362C29D4C2_big.jpg,弦卷心的Tourbillon Sm,2026年04月24日 19:26,"Amantaka，老挝
包两餐，khan suites
前法国疗养院，再之前是军医院，据说总套是停尸房。
评测还没写好，minibar实在是扣，接送车辆非官方合作的BMW",0,
172,0FA91E9E-CC12-44FF-B1B2-D39C44D79DA0_big.jpg,/Users/lazywords/Code/高卡紫相关/QQ群相册/酒店房间（展示要饭成果）/images/0FA91E9E-CC12-44FF-B1B2-D39C44D79DA0_big.jpg,弦卷心的Tourbillon Sm,2026年04月24日 19:26,"Amantaka，老挝
包两餐，khan suites
前法国疗养院，再之前是军医院，据说总套是停尸房。
评测还没写好，minibar实在是扣，接送车辆非官方合作的BMW",0,
173,ED6833DB-4DFF-44C6-81B7-5D7EA5182B42_big.jpg,/Users/lazywords/Code/高卡紫相关/QQ群相册/酒店房间（展示要饭成果）/images/ED6833DB-4DFF-44C6-81B7-5D7EA5182B42_big.jpg,弦卷心的Tourbillon Sm,2026年04月24日 19:26,"Amantaka，老挝
包两餐，khan suites
前法国疗养院，再之前是军医院，据说总套是停尸房。
评测还没写好，minibar实在是扣，接送车辆非官方合作的BMW",0,
174,FFD54D56-DDA5-4FC4-A83E-1516340F0314_big.jpg,/Users/lazywords/Code/高卡紫相关/QQ群相册/酒店房间（展示要饭成果）/images/FFD54D56-DDA5-4FC4-A83E-1516340F0314_big.jpg,弦卷心的Tourbillon Sm,2026年04月24日 19:26,"Amantaka，老挝
包两餐，khan suites
前法国疗养院，再之前是军医院，据说总套是停尸房。
评测还没写好，minibar实在是扣，接送车辆非官方合作的BMW",0,
175,B3A11BC8-30A3-40E2-B850-9A341F36B8DB_big.jpg,/Users/lazywords/Code/高卡紫相关/QQ群相册/酒店房间（展示要饭成果）/images/B3A11BC8-30A3-40E2-B850-9A341F36B8DB_big.jpg,弦卷心的Tourbillon Sm,2026年04月24日 19:26,"Amantaka，老挝
包两餐，khan suites
前法国疗养院，再之前是军医院，据说总套是停尸房。
评测还没写好，minibar实在是扣，接送车辆非官方合作的BMW",0,
176,8AD706CF-7961-401F-87BD-F7C6E60489B6_big.jpg,/Users/lazywords/Code/高卡紫相关/QQ群相册/酒店房间（展示要饭成果）/images/8AD706CF-7961-401F-87BD-F7C6E60489B6_big.jpg,弦卷心的Tourbillon Sm,2026年04月24日 19:26,"Amantaka，老挝
包两餐，khan suites
前法国疗养院，再之前是军医院，据说总套是停尸房。
评测还没写好，minibar实在是扣，接送车辆非官方合作的BMW",0,
177,5F3AF231-012D-4165-B742-74F0D81F604F_big.jpg,/Users/lazywords/Code/高卡紫相关/QQ群相册/酒店房间（展示要饭成果）/images/5F3AF231-012D-4165-B742-74F0D81F604F_big.jpg,弦卷心的Tourbillon Sm,2026年04月24日 19:26,"Amantaka，老挝
包两餐，khan suites
前法国疗养院，再之前是军医院，据说总套是停尸房。
评测还没写好，minibar实在是扣，接送车辆非官方合作的BMW",0,
178,35FCBB89-8355-40EE-8FEB-8F9C0B90438D_big.jpg,/Users/lazywords/Code/高卡紫相关/QQ群相册/酒店房间（展示要饭成果）/images/35FCBB89-8355-40EE-8FEB-8F9C0B90438D_big.jpg,弦卷心的Tourbillon Sm,2026年04月24日 19:26,"Amantaka，老挝
包两餐，khan suites
前法国疗养院，再之前是军医院，据说总套是停尸房。
评测还没写好，minibar实在是扣，接送车辆非官方合作的BMW",0,
179,AE4FF583-B0F1-4BF4-A3A8-AC8742AD93BA_big.jpg,/Users/lazywords/Code/高卡紫相关/QQ群相册/酒店房间（展示要饭成果）/images/AE4FF583-B0F1-4BF4-A3A8-AC8742AD93BA_big.jpg,弦卷心的Tourbillon Sm,2026年04月24日 19:26,"Amantaka，老挝
包两餐，khan suites
前法国疗养院，再之前是军医院，据说总套是停尸房。
评测还没写好，minibar实在是扣，接送车辆非官方合作的BMW",0,
180,C494FA67-1788-462C-849A-D1606C797A97_big.jpg,/Users/lazywords/Code/高卡紫相关/QQ群相册/酒店房间（展示要饭成果）/images/C494FA67-1788-462C-849A-D1606C797A97_big.jpg,弦卷心的Tourbillon Sm,2026年04月24日 19:26,"Amantaka，老挝
包两餐，khan suites
前法国疗养院，再之前是军医院，据说总套是停尸房。
评测还没写好，minibar实在是扣，接送车辆非官方合作的BMW",0,
181,BF862DE8-34C1-4EC2-93B2-7A7AB6872C1F_big.jpg,/Users/lazywords/Code/高卡紫相关/QQ群相册/酒店房间（展示要饭成果）/images/BF862DE8-34C1-4EC2-93B2-7A7AB6872C1F_big.jpg,弦卷心的Tourbillon Sm,2026年04月24日 19:26,"Amantaka，老挝
包两餐，khan suites
前法国疗养院，再之前是军医院，据说总套是停尸房。
评测还没写好，minibar实在是扣，接送车辆非官方合作的BMW",0,
182,8D8605EA-0DC3-4AF0-85E2-25938B833AE3_big.jpg,/Users/lazywords/Code/高卡紫相关/QQ群相册/酒店房间（展示要饭成果）/images/8D8605EA-0DC3-4AF0-85E2-25938B833AE3_big.jpg,弦卷心的Tourbillon Sm,2026年04月24日 19:26,"Amantaka，老挝
包两餐，khan suites
前法国疗养院，再之前是军医院，据说总套是停尸房。
评测还没写好，minibar实在是扣，接送车辆非官方合作的BMW",0,
183,F7A106F1-58A2-4C83-AA54-BC31DE80866E_big.jpg,/Users/lazywords/Code/高卡紫相关/QQ群相册/酒店房间（展示要饭成果）/images/F7A106F1-58A2-4C83-AA54-BC31DE80866E_big.jpg,番茄奶龙,2026年05月01日 11:12,虹桥机场希尔顿,0,
184,1A30D931-34E2-4A1C-BB66-63CD1BDA3821_big.jpg,/Users/lazywords/Code/高卡紫相关/QQ群相册/酒店房间（展示要饭成果）/images/1A30D931-34E2-4A1C-BB66-63CD1BDA3821_big.jpg,番茄奶龙,2026年05月01日 11:13,虹桥机场希尔顿,0,
185,1AC4C636-43AB-428C-834B-F507F3054186_big.jpg,/Users/lazywords/Code/高卡紫相关/QQ群相册/酒店房间（展示要饭成果）/images/1AC4C636-43AB-428C-834B-F507F3054186_big.jpg,番茄奶龙,2026年05月01日 11:13,虹桥机场希尔顿,0,
186,E93ECA57-2A8E-4880-8FF2-5FBBAE417261_big.jpg,/Users/lazywords/Code/高卡紫相关/QQ群相册/酒店房间（展示要饭成果）/images/E93ECA57-2A8E-4880-8FF2-5FBBAE417261_big.jpg,番茄奶龙,2026年05月01日 11:13,虹桥机场希尔顿,0,
187,FFF39F58-29BE-49EA-B4A6-0966C6276033_big.jpg,/Users/lazywords/Code/高卡紫相关/QQ群相册/酒店房间（展示要饭成果）/images/FFF39F58-29BE-49EA-B4A6-0966C6276033_big.jpg,番茄奶龙,2026年05月01日 11:13,虹桥机场希尔顿,0,
188,EF95907A-0D40-45BB-8510-C225A6CA4725_big.jpg,/Users/lazywords/Code/高卡紫相关/QQ群相册/酒店房间（展示要饭成果）/images/EF95907A-0D40-45BB-8510-C225A6CA4725_big.jpg,弦卷心的Tourbillon Sm,2026年05月09日 00:40,"Aman Nai Lert曼谷
还没发就不具体发评测了，城市aman第二，业主慷慨，但性价比不高，团队仍有进步空间。
最后一天的曼谷四季仅为其价格50%也没什么差，接机服务顺畅，毕竟从taka过去。
城市aman3/3了",0,
189,5AB79D98-0973-4D2E-A5B7-6079298181E4_big.jpg,/Users/lazywords/Code/高卡紫相关/QQ群相册/酒店房间（展示要饭成果）/images/5AB79D98-0973-4D2E-A5B7-6079298181E4_big.jpg,弦卷心的Tourbillon Sm,2026年05月09日 00:40,"Aman Nai Lert曼谷
还没发就不具体发评测了，城市aman第二，业主慷慨，但性价比不高，团队仍有进步空间。
最后一天的曼谷四季仅为其价格50%也没什么差，接机服务顺畅，毕竟从taka过去。
城市aman3/3了",0,
190,432C5904-EDCF-4E45-BFD3-CA1B331D9118_big.jpg,/Users/lazywords/Code/高卡紫相关/QQ群相册/酒店房间（展示要饭成果）/images/432C5904-EDCF-4E45-BFD3-CA1B331D9118_big.jpg,弦卷心的Tourbillon Sm,2026年05月09日 00:40,"Aman Nai Lert曼谷
还没发就不具体发评测了，城市aman第二，业主慷慨，但性价比不高，团队仍有进步空间。
最后一天的曼谷四季仅为其价格50%也没什么差，接机服务顺畅，毕竟从taka过去。
城市aman3/3了",0,
191,958A9184-4B45-476E-BF64-B4F448386C8F_big.jpg,/Users/lazywords/Code/高卡紫相关/QQ群相册/酒店房间（展示要饭成果）/images/958A9184-4B45-476E-BF64-B4F448386C8F_big.jpg,弦卷心的Tourbillon Sm,2026年05月09日 00:40,"Aman Nai Lert曼谷
还没发就不具体发评测了，城市aman第二，业主慷慨，但性价比不高，团队仍有进步空间。
最后一天的曼谷四季仅为其价格50%也没什么差，接机服务顺畅，毕竟从taka过去。
城市aman3/3了",0,
192,94960C5A-67A7-4034-843F-2617F1DE1B7A_big.jpg,/Users/lazywords/Code/高卡紫相关/QQ群相册/酒店房间（展示要饭成果）/images/94960C5A-67A7-4034-843F-2617F1DE1B7A_big.jpg,弦卷心的Tourbillon Sm,2026年05月09日 00:40,"Aman Nai Lert曼谷
还没发就不具体发评测了，城市aman第二，业主慷慨，但性价比不高，团队仍有进步空间。
最后一天的曼谷四季仅为其价格50%也没什么差，接机服务顺畅，毕竟从taka过去。
城市aman3/3了",0,
193,18FA74BB-8E61-4885-9736-E26DC71D929C_big.jpg,/Users/lazywords/Code/高卡紫相关/QQ群相册/酒店房间（展示要饭成果）/images/18FA74BB-8E61-4885-9736-E26DC71D929C_big.jpg,弦卷心的Tourbillon Sm,2026年05月09日 00:40,"Aman Nai Lert曼谷
还没发就不具体发评测了，城市aman第二，业主慷慨，但性价比不高，团队仍有进步空间。
最后一天的曼谷四季仅为其价格50%也没什么差，接机服务顺畅，毕竟从taka过去。
城市aman3/3了",0,
194,A1E32F61-B652-475E-8223-624614FAE4F9_big.jpg,/Users/lazywords/Code/高卡紫相关/QQ群相册/酒店房间（展示要饭成果）/images/A1E32F61-B652-475E-8223-624614FAE4F9_big.jpg,弦卷心的Tourbillon Sm,2026年05月09日 00:40,"Aman Nai Lert曼谷
还没发就不具体发评测了，城市aman第二，业主慷慨，但性价比不高，团队仍有进步空间。
最后一天的曼谷四季仅为其价格50%也没什么差，接机服务顺畅，毕竟从taka过去。
城市aman3/3了",0,
195,ACF394DB-5A1C-42D0-8770-5C183C2AA6AA_big.jpg,/Users/lazywords/Code/高卡紫相关/QQ群相册/酒店房间（展示要饭成果）/images/ACF394DB-5A1C-42D0-8770-5C183C2AA6AA_big.jpg,弦卷心的Tourbillon Sm,2026年05月09日 00:40,"Aman Nai Lert曼谷
还没发就不具体发评测了，城市aman第二，业主慷慨，但性价比不高，团队仍有进步空间。
最后一天的曼谷四季仅为其价格50%也没什么差，接机服务顺畅，毕竟从taka过去。
城市aman3/3了",0,
196,B906A16A-6D53-4CE3-85B7-3D912C66D881_big.jpg,/Users/lazywords/Code/高卡紫相关/QQ群相册/酒店房间（展示要饭成果）/images/B906A16A-6D53-4CE3-85B7-3D912C66D881_big.jpg,弦卷心的Tourbillon Sm,2026年05月09日 00:40,"Aman Nai Lert曼谷
还没发就不具体发评测了，城市aman第二，业主慷慨，但性价比不高，团队仍有进步空间。
最后一天的曼谷四季仅为其价格50%也没什么差，接机服务顺畅，毕竟从taka过去。
城市aman3/3了",0,
197,4ACF590A-652F-49B5-A629-8B69D3151BF3_big.jpg,/Users/lazywords/Code/高卡紫相关/QQ群相册/酒店房间（展示要饭成果）/images/4ACF590A-652F-49B5-A629-8B69D3151BF3_big.jpg,弦卷心的Tourbillon Sm,2026年05月09日 00:40,"Aman Nai Lert曼谷
还没发就不具体发评测了，城市aman第二，业主慷慨，但性价比不高，团队仍有进步空间。
最后一天的曼谷四季仅为其价格50%也没什么差，接机服务顺畅，毕竟从taka过去。
城市aman3/3了",0,
198,0970671A-4878-4D59-948F-B86629A4D412_big.jpg,/Users/lazywords/Code/高卡紫相关/QQ群相册/酒店房间（展示要饭成果）/images/0970671A-4878-4D59-948F-B86629A4D412_big.jpg,弦卷心的Tourbillon Sm,2026年05月09日 00:40,"Aman Nai Lert曼谷
还没发就不具体发评测了，城市aman第二，业主慷慨，但性价比不高，团队仍有进步空间。
最后一天的曼谷四季仅为其价格50%也没什么差，接机服务顺畅，毕竟从taka过去。
城市aman3/3了",0,
199,7991AD10-7430-4B6F-9BE8-7BCE9233792E_hd.jpg,/Users/lazywords/Code/高卡紫相关/QQ群相册/酒店房间（展示要饭成果）/images/7991AD10-7430-4B6F-9BE8-7BCE9233792E_hd.jpg,希思罗T5 Domestic死吗,2026年05月09日 00:45,"东京康莱德

从城景升到了海景，这家很傲娇啊，我发邮件要饭直接不回邮件冷暴力的。不过有一说一这个位置2100一晚上订的要什么自行车就是了",0,
200,0B7001CD-35E7-4F9C-988F-F95B7D95D706_hd.jpg,/Users/lazywords/Code/高卡紫相关/QQ群相册/酒店房间（展示要饭成果）/images/0B7001CD-35E7-4F9C-988F-F95B7D95D706_hd.jpg,希思罗T5 Domestic死吗,2026年05月09日 00:45,"东京康莱德

从城景升到了海景，这家很傲娇啊，我发邮件要饭直接不回邮件冷暴力的。不过有一说一这个位置2100一晚上订的要什么自行车就是了",0,
201,DECD5471-681F-4F44-8978-4774CFE076CE_hd.jpg,/Users/lazywords/Code/高卡紫相关/QQ群相册/酒店房间（展示要饭成果）/images/DECD5471-681F-4F44-8978-4774CFE076CE_hd.jpg,希思罗T5 Domestic死吗,2026年05月09日 00:45,"东京康莱德

从城景升到了海景，这家很傲娇啊，我发邮件要饭直接不回邮件冷暴力的。不过有一说一这个位置2100一晚上订的要什么自行车就是了",0,
202,47CEBF64-5D2B-4DC6-9DB2-556142E08CDE_hd.jpg,/Users/lazywords/Code/高卡紫相关/QQ群相册/酒店房间（展示要饭成果）/images/47CEBF64-5D2B-4DC6-9DB2-556142E08CDE_hd.jpg,希思罗T5 Domestic死吗,2026年05月09日 00:45,"东京康莱德

从城景升到了海景，这家很傲娇啊，我发邮件要饭直接不回邮件冷暴力的。不过有一说一这个位置2100一晚上订的要什么自行车就是了",0,
203,9B996D6D-C52A-4A18-9086-3303BD7C3540_hd.jpg,/Users/lazywords/Code/高卡紫相关/QQ群相册/酒店房间（展示要饭成果）/images/9B996D6D-C52A-4A18-9086-3303BD7C3540_hd.jpg,希思罗T5 Domestic死吗,2026年05月09日 00:45,"东京康莱德

从城景升到了海景，这家很傲娇啊，我发邮件要饭直接不回邮件冷暴力的。不过有一说一这个位置2100一晚上订的要什么自行车就是了",0,
204,68D7D6E9-5344-4314-AF53-EF56AC614AE5_hd.jpg,/Users/lazywords/Code/高卡紫相关/QQ群相册/酒店房间（展示要饭成果）/images/68D7D6E9-5344-4314-AF53-EF56AC614AE5_hd.jpg,希思罗T5 Domestic死吗,2026年05月09日 00:45,"东京康莱德

从城景升到了海景，这家很傲娇啊，我发邮件要饭直接不回邮件冷暴力的。不过有一说一这个位置2100一晚上订的要什么自行车就是了",0,
205,6CFAB88D-D24E-4860-80F2-637519804C36_hd.jpg,/Users/lazywords/Code/高卡紫相关/QQ群相册/酒店房间（展示要饭成果）/images/6CFAB88D-D24E-4860-80F2-637519804C36_hd.jpg,希思罗T5 Domestic死吗,2026年05月09日 00:45,"东京康莱德

从城景升到了海景，这家很傲娇啊，我发邮件要饭直接不回邮件冷暴力的。不过有一说一这个位置2100一晚上订的要什么自行车就是了",0,
206,332EC37A-8870-44D1-A113-6B660F6B08DB_hd.jpg,/Users/lazywords/Code/高卡紫相关/QQ群相册/酒店房间（展示要饭成果）/images/332EC37A-8870-44D1-A113-6B660F6B08DB_hd.jpg,希思罗T5 Domestic死吗,2026年05月09日 00:46,"东京康莱德

从城景升到了海景，这家很傲娇啊，我发邮件要饭直接不回邮件冷暴力的。不过有一说一这个位置2100一晚上订的要什么自行车就是了",0,
207,77F555F5-E8E8-4D9A-BE9B-B2F4D0E3CA1F_hd.jpg,/Users/lazywords/Code/高卡紫相关/QQ群相册/酒店房间（展示要饭成果）/images/77F555F5-E8E8-4D9A-BE9B-B2F4D0E3CA1F_hd.jpg,希思罗T5 Domestic死吗,2026年05月09日 00:46,"东京康莱德

从城景升到了海景，这家很傲娇啊，我发邮件要饭直接不回邮件冷暴力的。不过有一说一这个位置2100一晚上订的要什么自行车就是了",0,
208,E422A6B4-BF8D-4E44-BDA6-42E332C5FECF_big.jpg,/Users/lazywords/Code/高卡紫相关/QQ群相册/酒店房间（展示要饭成果）/images/E422A6B4-BF8D-4E44-BDA6-42E332C5FECF_big.jpg,RayTracingON,2026年05月09日 15:40,"二世谷希尔顿
雪季5000的房间现在只要1300
金卡升级了羊蹄山景观，送了瓶酒",0,
209,E9055378-EB37-40C9-9447-38E5EFE89C8F_big.jpg,/Users/lazywords/Code/高卡紫相关/QQ群相册/酒店房间（展示要饭成果）/images/E9055378-EB37-40C9-9447-38E5EFE89C8F_big.jpg,RayTracingON,2026年05月09日 15:40,"二世谷希尔顿
雪季5000的房间现在只要1300
金卡升级了羊蹄山景观，送了瓶酒",0,
210,5505AC9E-FA8F-4D0A-9166-DCA0F1AEA9DD_big.jpg,/Users/lazywords/Code/高卡紫相关/QQ群相册/酒店房间（展示要饭成果）/images/5505AC9E-FA8F-4D0A-9166-DCA0F1AEA9DD_big.jpg,RayTracingON,2026年05月09日 15:40,"二世谷希尔顿
雪季5000的房间现在只要1300
金卡升级了羊蹄山景观，送了瓶酒",0,
211,B2F469E0-39F6-483C-90D8-5082E9E0E48E_big.jpg,/Users/lazywords/Code/高卡紫相关/QQ群相册/酒店房间（展示要饭成果）/images/B2F469E0-39F6-483C-90D8-5082E9E0E48E_big.jpg,RayTracingON,2026年05月09日 15:40,"二世谷希尔顿
雪季5000的房间现在只要1300
金卡升级了羊蹄山景观，送了瓶酒",0,
212,EFDD384B-0A3C-4710-B581-BE7EDB8E3839_big.jpg,/Users/lazywords/Code/高卡紫相关/QQ群相册/酒店房间（展示要饭成果）/images/EFDD384B-0A3C-4710-B581-BE7EDB8E3839_big.jpg,1,2026年05月10日 12:01,"天津丽思
我看万豪就得要饭啊 八点入住还积分换了总统套",0,
213,C02FDFE2-2B41-49C1-A649-FDD5F666F90B_big.jpg,/Users/lazywords/Code/高卡紫相关/QQ群相册/酒店房间（展示要饭成果）/images/C02FDFE2-2B41-49C1-A649-FDD5F666F90B_big.jpg,1,2026年05月10日 12:01,"天津丽思
我看万豪就得要饭啊 八点入住还积分换了总统套",0,
214,97C7E586-A572-4030-97B9-67953CE2DFC8_big.jpg,/Users/lazywords/Code/高卡紫相关/QQ群相册/酒店房间（展示要饭成果）/images/97C7E586-A572-4030-97B9-67953CE2DFC8_big.jpg,1,2026年05月10日 12:01,"天津丽思
我看万豪就得要饭啊 八点入住还积分换了总统套",0,
215,AB11333F-5DE5-43C3-822D-E383509EFAC4_big.jpg,/Users/lazywords/Code/高卡紫相关/QQ群相册/酒店房间（展示要饭成果）/images/AB11333F-5DE5-43C3-822D-E383509EFAC4_big.jpg,1,2026年05月10日 12:01,"天津丽思
我看万豪就得要饭啊 八点入住还积分换了总统套",0,
216,974AB10C-9356-4620-AABA-57DD6FC6A577_big.jpg,/Users/lazywords/Code/高卡紫相关/QQ群相册/酒店房间（展示要饭成果）/images/974AB10C-9356-4620-AABA-57DD6FC6A577_big.jpg,1,2026年05月10日 12:01,"天津丽思
我看万豪就得要饭啊 八点入住还积分换了总统套",0,
217,5AC495E4-B937-4C79-B618-CD14A53D6ABA_big.jpg,/Users/lazywords/Code/高卡紫相关/QQ群相册/酒店房间（展示要饭成果）/images/5AC495E4-B937-4C79-B618-CD14A53D6ABA_big.jpg,1,2026年05月10日 12:01,"天津丽思
我看万豪就得要饭啊 八点入住还积分换了总统套",0,
218,D5E0D2E6-A07F-4010-B276-54309230C04D_big.jpg,/Users/lazywords/Code/高卡紫相关/QQ群相册/酒店房间（展示要饭成果）/images/D5E0D2E6-A07F-4010-B276-54309230C04D_big.jpg,1,2026年05月10日 12:01,"天津丽思
我看万豪就得要饭啊 八点入住还积分换了总统套",0,
219,IMG_008.jpg,/Users/lazywords/Code/高卡紫相关/QQ群相册/酒店房间（展示要饭成果）/images/IMG_008.jpg,6岔路口[em]e327853[/em]矢泽兔熊,2026年05月10日 13:58,"厦门五缘湾凯悦，2026.05.09
平时不发这些的，但是这次召唤来了群友@{uin:2787822136,nick:惰言} ，5000积分入住，还没要，酒店就主动说给了个套，以为只是简单升个套房，没想到这么大，空间还是挺有意思的，虽然利用率没那么高，也有点空旷。",0,
220,IMG_007.jpg,/Users/lazywords/Code/高卡紫相关/QQ群相册/酒店房间（展示要饭成果）/images/IMG_007.jpg,6岔路口[em]e327853[/em]矢泽兔熊,2026年05月10日 13:58,"厦门五缘湾凯悦，2026.05.09
平时不发这些的，但是这次召唤来了群友@{uin:2787822136,nick:惰言} ，5000积分入住，还没要，酒店就主动说给了个套，以为只是简单升个套房，没想到这么大，空间还是挺有意思的，虽然利用率没那么高，也有点空旷。",0,
221,IMG_006.jpg,/Users/lazywords/Code/高卡紫相关/QQ群相册/酒店房间（展示要饭成果）/images/IMG_006.jpg,6岔路口[em]e327853[/em]矢泽兔熊,2026年05月10日 13:58,"厦门五缘湾凯悦，2026.05.09
平时不发这些的，但是这次召唤来了群友@{uin:2787822136,nick:惰言} ，5000积分入住，还没要，酒店就主动说给了个套，以为只是简单升个套房，没想到这么大，空间还是挺有意思的，虽然利用率没那么高，也有点空旷。",0,
222,IMG_005.jpg,/Users/lazywords/Code/高卡紫相关/QQ群相册/酒店房间（展示要饭成果）/images/IMG_005.jpg,6岔路口[em]e327853[/em]矢泽兔熊,2026年05月10日 13:58,"厦门五缘湾凯悦，2026.05.09
平时不发这些的，但是这次召唤来了群友@{uin:2787822136,nick:惰言} ，5000积分入住，还没要，酒店就主动说给了个套，以为只是简单升个套房，没想到这么大，空间还是挺有意思的，虽然利用率没那么高，也有点空旷。",0,
223,IMG_004.jpg,/Users/lazywords/Code/高卡紫相关/QQ群相册/酒店房间（展示要饭成果）/images/IMG_004.jpg,6岔路口[em]e327853[/em]矢泽兔熊,2026年05月10日 13:58,"厦门五缘湾凯悦，2026.05.09
平时不发这些的，但是这次召唤来了群友@{uin:2787822136,nick:惰言} ，5000积分入住，还没要，酒店就主动说给了个套，以为只是简单升个套房，没想到这么大，空间还是挺有意思的，虽然利用率没那么高，也有点空旷。",0,
224,IMG_003.jpg,/Users/lazywords/Code/高卡紫相关/QQ群相册/酒店房间（展示要饭成果）/images/IMG_003.jpg,6岔路口[em]e327853[/em]矢泽兔熊,2026年05月10日 13:58,"厦门五缘湾凯悦，2026.05.09
平时不发这些的，但是这次召唤来了群友@{uin:2787822136,nick:惰言} ，5000积分入住，还没要，酒店就主动说给了个套，以为只是简单升个套房，没想到这么大，空间还是挺有意思的，虽然利用率没那么高，也有点空旷。",0,
225,IMG_002.jpg,/Users/lazywords/Code/高卡紫相关/QQ群相册/酒店房间（展示要饭成果）/images/IMG_002.jpg,6岔路口[em]e327853[/em]矢泽兔熊,2026年05月10日 13:58,"厦门五缘湾凯悦，2026.05.09
平时不发这些的，但是这次召唤来了群友@{uin:2787822136,nick:惰言} ，5000积分入住，还没要，酒店就主动说给了个套，以为只是简单升个套房，没想到这么大，空间还是挺有意思的，虽然利用率没那么高，也有点空旷。",0,
226,IMG_001.jpg,/Users/lazywords/Code/高卡紫相关/QQ群相册/酒店房间（展示要饭成果）/images/IMG_001.jpg,6岔路口[em]e327853[/em]矢泽兔熊,2026年05月10日 13:58,"厦门五缘湾凯悦，2026.05.09
平时不发这些的，但是这次召唤来了群友@{uin:2787822136,nick:惰言} ，5000积分入住，还没要，酒店就主动说给了个套，以为只是简单升个套房，没想到这么大，空间还是挺有意思的，虽然利用率没那么高，也有点空旷。",0,
227,IMG.jpg,/Users/lazywords/Code/高卡紫相关/QQ群相册/酒店房间（展示要饭成果）/images/IMG.jpg,6岔路口[em]e327853[/em]矢泽兔熊,2026年05月10日 13:58,"厦门五缘湾凯悦，2026.05.09
平时不发这些的，但是这次召唤来了群友@{uin:2787822136,nick:惰言} ，5000积分入住，还没要，酒店就主动说给了个套，以为只是简单升个套房，没想到这么大，空间还是挺有意思的，虽然利用率没那么高，也有点空旷。",0,
